"Id","Title","TotalWords","SummaryWords","InsightsWords","ChaptersWords"
"6c8e5031-1c55-4bdd-8c11-ae5338f374c7","The Giver of Stars","2145","318","648","1179"
"616d75f1-5e5a-446c-a355-969a55fd5eaf","After You","1715","219","464","1032"
"cbadb69c-3003-44c9-8144-21632f06a9ce","Still Me","1853","342","493","1018"
"a75a2a64-677b-48e6-be32-f425795cb2b0","Me Before You","1875","341","683","851"
"c9bfb0e6-0adf-4c0b-8cea-0946b7b3c620","The Rosie Result","1752","289","694","769"
"fa29ee66-91cc-4050-8e52-e56fd148c7af","The Rosie Effect","1720","293","675","752"
"34cea33b-8daf-46ed-b71d-282ca518f1a2","The Rosie Project","1604","285","541","778"
"779ce111-7597-468f-96df-b1ad73eeee1e","Eleanor Oliphant Is Completely Fine","1659","314","488","857"
"a87e52db-72c6-4f70-95a7-f825b8369681","Where the Crawdads Sing","1892","320","648","924"
"53037ee0-7f31-4820-a3f5-850c91b902b6","The Four Winds","2186","363","819","1004"
"c512cb07-67c6-4473-8964-4b92170e2aa4","The Great Alone","2107","326","607","1174"
"dad97269-97d7-44db-b34f-bb6884daee93","The Nightingale","1615","289","539","787"
"b46b0b2c-0a6b-4cfd-8ae1-74468177f5e5","All the Light We Cannot See","1982","356","685","941"
"03258865-4d25-43a8-b802-a9d4d1699523","The Book Thief","2453","334","826","1293"
"5c815617-67a0-40d8-a685-a7b01174df8e","And the Mountains Echoed","2013","324","628","1061"
"4c18b4f5-59e4-4aa8-92ea-0577429b2aa2","A Thousand Splendid Suns","1914","324","699","891"
"57d293e2-7dba-42ab-970b-3e62316548ac","The Kite Runner","1888","329","616","943"
"765a387a-5351-46a6-a3fe-3d7e7d90fd5a","Room","2001","321","818","862"
"a0901953-758b-4873-9054-855b7fd9f601","The Curious Incident of the Dog in the Night-Time","1920","372","681","867"
"52b4ce74-4a94-40f4-9084-0bddf3bb562e","The Art of Racing in the Rain","1837","283","570","984"
"65cc8c67-61a3-4877-81b8-2ff2ba822c62","Britt-Marie Was Here","1481","276","496","709"
"55b85f40-c678-44e5-9659-79b43ca4d5f8","Us Against You","1828","301","736","791"
"99319a9a-d658-4b3e-a9e5-bf3d8246d85a","Beartown","2167","229","803","1135"
"bbd0f66c-1caf-48b5-865d-5d884a93ab80","My Grandmother Asked Me to Tell You She's Sorry","1779","227","646","906"
"80868b82-a53d-43b2-8597-769676ce37ad","A Man Called Ove","1861","306","570","985"
"2e958ad7-6b4e-41f6-b311-5a20b42eee25","Teacher Man","1989","330","664","995"
"430cf192-0b14-4c01-aebb-074971f7210a","'Tis","1803","262","473","1068"
"65598505-6f29-4019-8a24-aab90ecc4616","Angela's Ashes","1970","355","574","1041"
"d77e67e2-577b-4f0e-8207-54ac2bf3129f","The Glass Castle","2002","368","636","998"
"c57ab944-8d74-45c2-8641-c39fd0451c98","I Know Why the Caged Bird Sings","1553","294","579","680"
"080ffd1b-f0a7-4c32-8659-f97e349ae5d4","The Autobiography of Malcolm X","2364","357","803","1204"
"d2a7a299-8203-41d6-8a75-faf198df58c5","Just Mercy","2022","390","634","998"
"148dad7f-6b75-42c9-900c-cebee8bad6cf","The New Jim Crow","2045","328","658","1059"
"360155d5-9cc4-413a-b23a-d91e8b7c7151","Between the World and Me","1662","315","547","800"
"8bad2935-5bb3-4054-98ed-1a6ea2051e3c","So You Want to Talk About Race","1821","299","658","864"
"56bacf57-2dc9-4680-8c4f-f6ce24141f15","White Fragility","2063","333","740","990"
"82e0c4cf-2818-4d03-80d6-2aaea6e81032","How to Be an Antiracist","1731","342","590","799"
"215feb79-3474-4721-9b46-fbb69d2cad3a","Stamped from the Beginning","1839","356","578","905"
"b1bea620-0225-467d-b1f2-4123534fdf25","The Color of Law","1826","340","579","907"
"25d6c1d9-72fb-4967-bfd5-f4bf3f50e33e","Caste","1777","300","639","838"
"534e9c1c-d0b4-478d-aab8-a1cd1ba5e71b","The Warmth of Other Suns","1783","281","585","917"
"e84ec8cb-dafa-4fcf-8f39-71388868cedd","The Sixth Extinction","1767","341","659","767"
"671e113e-1dfa-41ad-bccc-047d7ceaa593","The Story of the Human Body","2227","312","782","1133"
"bf5cf847-1283-40be-ad78-f0d2d8814cfb","One Summer","1832","323","563","946"
"23fefd1f-cee3-4e87-a5d0-c05209a29ea4","At Home","1609","216","502","891"
"3165d8be-7071-4333-8289-b8fdc99be523","A Short History of Nearly Everything","898","193","298","407"
"361edfc3-88cd-418c-ac45-f83fbbcf52d8","The Third Chimpanzee","1920","347","686","887"
"2771bc2b-706b-4123-9d68-5b0adbb81e88","Collapse","1762","298","499","965"
"fa084ed0-393d-4d9e-bc85-5a0d252f0e4b","Guns, Germs, and Steel","1584","189","607","788"
"71130cbb-12c6-4f3d-b4ef-7754630df494","The Little Book of Lykke","2249","354","717","1178"
"58a328fd-20b8-491b-ac33-67b16b9c10e3","The Little Book of Hygge","1667","304","541","822"
"f827b70a-2fce-4154-8f43-cb488ae56fe7","How to Walk","1912","330","659","923"
"8a802339-687d-44ed-9502-12d69e344abc","How to Sit","1945","295","685","965"
"d290a71e-e0ac-4c03-abf9-72cf41fb75eb","How to Relax","1833","338","579","916"
"e6651796-6b67-4a8b-8d78-045a2712e425","How to Love","2003","300","649","1054"
"1ccf4df0-0656-42b7-a775-9450a5135f38","You Are Here","2020","307","618","1095"
"361d6583-f6fe-4707-905b-006b8bb08ebe","The Art of Living","1979","308","720","951"
"16c13f25-c79e-48b0-bbc0-0a80042db2ef","No Mud, No Lotus","2353","333","739","1281"
"4691ed53-7181-4c43-b3be-05f7a56a8c07","The Heart of the Buddha's Teaching","1939","357","607","975"
"45c00c7b-8e42-45fc-8e06-fc264a9ef190","Being Peace","969","190","295","484"
"a358fc65-1c28-44b0-b4d6-a9c225fc5d3b","The Miracle of Mindfulness","1970","318","539","1113"
"8cd0a92c-9ad3-43ed-aa1e-2244697e6d6f","Peace Is Every Step","1751","261","617","873"
"04050e3f-c685-4b33-b539-f22db91e78fc","The Way to Love","2584","306","944","1334"
"09a90c2a-b15c-4ac1-9cb4-a98ada24d82a","Awareness","2301","368","832","1101"
"e21f2486-6c92-4ab0-9ab9-7fe484861e87","The Practicing Mind","2006","319","688","999"
"df9918d3-b9f0-4c90-8da3-2b1014021ff3","Waking Up","1858","313","694","851"
"33b6a8c7-f77c-4976-8585-5780ecb7026e","Meditation for Fidgety Skeptics","1811","310","513","988"
"af1a8de1-5f57-4047-9477-2492a9497599","10% Happier","1684","322","547","815"
"8e823262-3ad0-4e1c-a11d-13877746b951","Faith","2489","284","890","1315"
"87a66bbd-8e1b-4964-adf5-bd479b57643f","Real Happiness","1674","290","597","787"
"322794d9-a394-4e14-a045-27a63eca768f","Loving Kindness","695","117","229","349"
"89d8058d-9f6f-40cc-b0b1-c390fefd773d","Start Where You Are","2170","290","564","1316"
"b7e17817-2e4b-4e80-9456-09f73a7d0c4f","The Wisdom of No Escape","1786","191","547","1048"
"f97b5afa-9693-4237-bd1b-1522e7ba2d3a","When Things Fall Apart","1681","347","603","731"
"f56d259f-f4cb-4496-92b4-3728c91d9ac9","The Places That Scare You","1681","293","569","819"
"44bb64a2-9cae-4a57-ac16-cb79d9913cba","True Refuge","950","176","279","495"
"f296294c-df19-444c-8c1d-6da599125369","Radical Acceptance","1806","292","632","882"
"3680cae0-a408-4708-8863-b0dc87d43da4","Full Catastrophe Living","731","167","269","295"
"50dd1d27-f4f2-44e6-bec1-207755283172","Wherever You Go, There You Are","1892","331","621","940"
"5d8ca813-5992-4be1-a074-8dce8098a4de","The Book of Joy","1883","300","683","900"
"12f88763-f448-427d-b42d-150a6eb2465f","The Seven Spiritual Laws of Success","1960","343","538","1079"
"ac508116-d71a-42de-bef7-11c83eaaee78","Conversations with God","1808","342","585","881"
"c1295e8f-80ab-4f2f-8269-e8bd29c6c9c9","Many Lives, Many Masters","692","146","253","293"
"a3edbd86-5ab1-451a-9658-0c32da5290d6","The Honeymoon Effect","1755","317","566","872"
"15234956-3f6e-4ba4-b1be-2e4aa6e9413d","The Biology of Belief","1597","311","553","733"
"693277c1-7add-44b9-9c0b-f131d974cff6","You Are the Placebo","769","160","207","402"
"c49ae815-e687-4ea3-a9da-a1ff680870ea","Becoming Supernatural","1815","354","588","873"
"462197e0-1d2d-41ba-b653-9200ad5edbfe","Breaking The Habit of Being Yourself","799","213","311","275"
"2f69e8a1-eef2-4aeb-be85-597d72e5584c","The Buddha and the Badass","857","150","334","373"
"6bcefc6c-3b60-4767-b70c-f5065d9e9589","The Code of the Extraordinary Mind","2045","311","692","1042"
"77b2b857-27fc-4e83-a484-1ae0ffcd2605","The Slight Edge","1696","349","608","739"
"ba896f73-9c89-4dbd-96a1-c4ec1594d323","The Noticer","2098","336","729","1033"
"2043c5be-f1a1-4380-8d41-b4092fb50bd2","The Traveler's Gift","757","179","340","238"
"55a134bc-d635-4d59-b245-79239f7789ba","The Art of Possibility","2161","296","687","1178"
"436e8f89-03f3-4422-9128-d0ca11146067","The Way of the Superior Man","739","150","305","284"
"46ec3b97-4633-49d1-8c8c-fc1c2a40f701","Change Your Thinking, Change Your Life","781","153","265","363"
"f070c67c-5103-49dc-a7cb-8ac97a39bbb1","The Psychology of Selling","1937","311","563","1063"
"c4512658-2dce-41ec-9328-62ed28dcdb12","Goals!","1782","274","585","923"
"b89267f3-9314-4795-b866-3e4cd3957f25","No Excuses!","2240","293","794","1153"
"8bb2f196-82e3-4138-a20f-95c63a4c578b","Maximum Achievement","2107","319","611","1177"
"dfe39378-fd0c-4bb6-b1fc-55ce007fb058","The Aladdin Factor","1743","339","697","707"
"906fd638-7908-4f48-a2b5-3c0fd4c04e3f","The Success Principles","2247","332","655","1260"
"f5ddb5f5-37fb-4cd4-b62f-9900b50fe2f1","Outwitting the Devil","1842","337","639","866"
"0be6babc-c0e6-4b3d-a0db-f71758575c41","The Science of Getting Rich","2769","335","909","1525"
"a449b7b6-3e69-4991-92ca-71a394a4d132","As a Man Thinketh","1770","318","587","865"
"4fd86172-8fd6-42c4-b828-6249ded0da71","How to Win at the Sport of Business","717","177","310","230"
"5dbbf038-46da-4296-ae56-b89a84ef81a1","The Laws of Human Nature","1868","282","524","1062"
"76d3608b-88af-44d0-903c-852ff25ee031","Mastery","1981","304","601","1076"
"7f079028-4b0f-4942-b964-01eeb909e2d5","The 50th Law","2054","298","652","1104"
"5415fc1e-fc9f-48c3-9959-94ed3f570456","The Art of Seduction","1748","306","608","834"
"6d810bca-89bd-41c6-b087-1a45fdf690cd","The 33 Strategies of War","1680","312","542","826"
"f128754e-a884-4224-a971-fb5aafb3d051","The 48 Laws of Power","1920","334","617","969"
"5e262075-eec1-4c96-948d-71a7b8c5c7c4","The Artist's Journey","1953","339","600","1014"
"bba60b1e-f1c7-40f1-8e09-a7e6953b1480","Turning Pro","1562","224","583","755"
"bbaada87-9735-4e33-8cae-0dffd48ce5de","Hero","1664","290","618","756"
"a1e374bd-9d8e-476b-97ae-422ade66a76b","The Magic","1830","301","615","914"
"b6fc4a11-4ecb-44fd-a5ec-c67d795608f1","The Power","2121","317","712","1092"
"aafae8ca-66fd-4159-83d2-46d46ae364bf","The Secret","1695","311","591","793"
"22474d34-6d8c-431e-abb6-99dfea441b1e","The Greatness Guide","601","131","255","215"
"a2daf50c-ab68-4bd7-a260-dbbc4af1f2f3","Who Will Cry When You Die?","1868","354","623","891"
"f52d484c-49bb-4415-bd58-18dd6dd35222","The Leader Who Had No Title","1827","305","676","846"
"18546221-b963-4b5e-9879-18b4ba65e3ae","The Monk Who Sold His Ferrari","1496","288","618","590"
"9af3e84e-33ae-4730-93ff-30518d3058e9","The Small Big","700","131","234","335"
"6be0877f-43eb-4782-8030-56135de40107","Yes!","1951","286","638","1027"
"dd70d0d8-9016-446d-bfc5-04c63d1d92e7","Peaks and Valleys","1865","200","653","1012"
"e64c508b-f5f6-4be0-a776-1f1d07e84db6","The Present","1773","313","594","866"
"3b2143ac-0116-4c5e-b08e-f37c8b97f37c","Who Moved My Cheese?","705","202","237","266"
"4facf049-b574-4312-b4b9-6f610fb19d2a","Gung Ho!","781","135","288","358"
"916a2fde-90e5-4a05-90fb-6ac9aad9f043","Raving Fans","1812","277","646","889"
"9cf94ac9-91f0-4d88-acd1-787788d5a953","The New One Minute Manager","1779","322","613","844"
"cdd862b4-6956-4430-bf1f-f25df8bab67d","Surge","1832","299","571","962"
"0cfe3f3e-8921-467e-85e6-d5492749eb53","Pumpkin Plan","2569","316","931","1322"
"1972ed08-2fdb-4d8a-8cd7-3b73594fe92c","Clockwork","1702","276","618","808"
"0f49e4ba-72e2-4991-98e6-71f9e20c819b","Profit First","2422","375","1024","1023"
"885ee20a-84e2-43c6-b151-d1ea4cd032c8","The Automatic Customer","1687","165","668","854"
"ac848729-e4fa-4903-a3cd-4e512a8af631","Built to Sell","1753","218","602","933"
"2ad5ab0d-0a7e-4286-a296-5c2b856d5ee3","The Unfair Advantage","952","177","320","455"
"66d8cb49-1ac9-485c-964d-182f1823a717","Play Bigger","1516","195","706","615"
"a0563e16-79d3-4ef7-93ba-8bbe2edd6865","Lost and Founder","1906","325","631","950"
"cd6c8305-8c9d-4dc4-824c-ef788c33c57e","The Future Is Faster Than You Think","1952","320","613","1019"
"c5389c80-3576-4c86-8a6a-92151180fd33","Abundance","2330","329","653","1348"
"504101de-85f1-4048-9d8a-2f36cc85125c","Bold","2069","338","648","1083"
"a4cbf71e-5cfe-40da-9134-095154f40332","The Thank You Economy","1678","295","556","827"
"e297f83c-5e13-41b3-8f7d-fc94d0a66b6c","#AskGaryVee","1805","302","628","875"
"689a50a0-2ed9-4c7b-a24d-745d80787939","Jab, Jab, Jab, Right Hook","1796","306","707","783"
"48ad8c89-0f76-4dd9-9362-9bf09560b2b2","Crushing It!","1737","327","674","736"
"70000c08-0c64-4068-ae07-59405a7cde51","Growth Hacker Marketing","1994","312","676","1006"
"ed40bd32-83fa-4523-91d8-f313240bb2c3","Trust Me I'm Lying","1816","347","649","820"
"1d374d6a-ac30-470d-9a45-b1ae0e451637","Perennial Seller","1569","314","661","594"
"e88d062c-5506-4f0b-9845-bb70143cd6ab","Stillness Is the Key","2030","305","660","1065"
"034bc222-8f64-4ea1-936c-2bce54ab944c","Ego Is the Enemy","1968","302","423","1243"
"a85f9e7b-d038-4d84-b4e5-45e623bee663","The Obstacle Is the Way","1998","343","670","985"
"33f67bd5-c8b2-41f0-8561-5115636cf369","Think Again","720","143","290","287"
"fa7b6751-bb3b-408a-991d-e20e4d4064b6","Give and Take","2014","341","741","932"
"18793d23-5224-486d-861c-c0aaea04cdcf","Originals","2092","272","701","1119"
"d36f9cc3-3bb0-43fc-b749-31f9a48439bc","The Power of Moments","1534","222","731","581"
"6b3affb3-71f1-4e78-b1b9-43f37492c280","Decisive","1941","283","641","1017"
"351d8db4-89a3-47fc-b23c-dfbdb8a27c8d","Start Small, Stay Small","680","216","266","198"
"cd12a8b4-f313-4ef0-86de-d57322ad7344","Company of One","1515","287","577","651"
"e7e5872c-eeca-4a17-aa23-27f8df94098d","The First 20 Hours","1941","277","649","1015"
"8bef5e79-a8fe-4ba8-b508-67bc40c578df","The Personal MBA","1771","247","716","808"
"67dcb5a6-7146-4f13-8420-0d056973d5d0","Traction","2094","333","830","931"
"d7e8812b-d0ca-498c-9f89-2c0665200a1a","Expert Secrets","1669","194","716","759"
"db42ef9f-b7dd-45be-baa6-2df826373fe6","Dotcom Secrets","1781","284","695","802"
"271ecd52-0897-493d-aa63-aeacf0e67e55","Unscripted","757","140","339","278"
"97567cfb-f824-461e-b09c-ab4dad895514","The Millionaire Fastlane","1665","190","628","847"
"a1f83693-8b1b-4122-8c73-1aa2176ce07f","The $100 Startup","1564","291","618","655"
"dd8f628e-3792-4aab-9ad5-d1bdfa788833","Powerful","1513","252","586","675"
"74c32110-628a-4da3-a6cc-1bf3cc2586e1","Radical Candor","1794","331","618","845"
"e4292958-e51a-47d9-a4b7-e725d3f717a6","Death by Meeting","1872","298","673","901"
"499f3558-8b3e-4ab2-aba0-4a3e0181a774","The Ideal Team Player","1893","269","640","984"
"8fda34b0-139e-4863-a2ed-09b058ff42f5","Multipliers","1858","316","621","921"
"5b11326c-bbc0-4927-b2d7-48a6fd52fddd","The Leadership Challenge","2154","351","868","935"
"73fe2baa-b49b-4d1b-966a-75204a0d3049","Primal Leadership","1775","321","621","833"
"4859f4ea-6a6f-44c3-b7d7-5dbab316d84a","The Speed of Trust","806","180","275","351"
"fdcd376e-222d-4e6d-b67e-ec12fe4a3d29","Leadership Is Language","1775","318","580","877"
"7ac91b5c-6641-4147-81cc-81ffa41aa628","The Dichotomy of Leadership","1700","337","721","642"
"85a4282e-5892-424e-8726-7641ee41b8b8","Turn the Ship Around","1718","322","516","880"
"01b580a7-5e73-4369-a4c5-fe36a9288233","The Anatomy of Peace","2767","374","928","1465"
"949693d2-515a-49c6-a85a-e49e53ecf940","Leadership and Self-Deception","1965","304","660","1001"
"57c39329-fbf6-4b49-86fd-d0ae235e3278","Developing the Leader Within You","930","145","319","466"
"0c1907b9-a640-4cb5-88ad-37ae5de585d6","The 21 Irrefutable Laws of Leadership","2811","328","882","1601"
"870ea4d7-02d5-4466-99d2-26aa6fab0653","Against the Gods","801","128","333","340"
"482f151c-2232-4ab4-aabc-272385d1e087","Reminiscences of a Stock Operator","719","188","255","276"
"3619dead-02be-4db7-9452-28fa20cb2c13","Market Wizards","871","207","299","365"
"006d6f26-2829-4f8c-aaa0-e66ad69de651","The Snowball","2420","307","927","1186"
"82d919db-214a-417a-8d52-1f9a4c9e9f97","Buffett","806","193","338","275"
"2e02c869-8c1c-4a32-82f2-04451235aa90","The Warren Buffett Way","689","127","303","259"
"83a83dd8-ac3f-455d-ac62-1a1d8f4bed1a","Security Analysis","1832","293","737","802"
"65d199bb-c4d0-4470-9586-56e6842ee56b","Margin of Safety","2360","306","793","1261"
"d6c4f834-4ab8-442b-a4fd-a8e8ab6d218f","The Most Important Thing","1853","325","697","831"
"5630ec10-eac1-46cf-9424-fb076b681887","You Can Be a Stock Market Genius","1999","334","689","976"
"e022630f-d50b-4d4b-81a7-d8a6168f415d","The Dhandho Investor","2191","341","752","1098"
"8af1e930-4a56-486e-a163-82afdb978425","A Wealth of Common Sense","2016","298","617","1101"
"6219994a-1209-4c4b-a660-4ab667c0de72","The Little Book of Behavioral Investing","1733","313","602","818"
"3e530e5e-1ae3-4713-8e54-76fcc3255f4a","The Bogleheads' Guide to Investing","833","126","385","322"
"9ca02098-effa-412c-92c9-6d113a293864","The Little Book of Value Investing","1957","317","789","851"
"f0aec2e8-3fdc-438f-874a-1972dcbb48fe","Beating the Street","1627","304","602","721"
"020f329e-6e24-4f8f-8d20-33fdbba266fe","One Up On Wall Street","2419","350","1043","1026"
"80ca90d0-8f00-41b0-815a-119145dfdd08","Common Stocks and Uncommon Profits","1900","268","594","1038"
"3bf3ab05-2c4c-4deb-99f6-a6d66ce2fc04","The Essays of Warren Buffett","564","123","238","203"
"a76436a8-f4f1-40fa-b9f5-335d06a2584e","The Little Book That Still Beats the Market","1855","321","629","905"
"3eda3c39-3f15-4ad3-a177-44e94f8aedc7","No-Drama Discipline","785","165","322","298"
"d2a72ba9-da9d-4aa7-8fe0-8ccd59f3d105","The Whole-Brain Child","1973","318","567","1088"
"4c717eea-51d8-458a-9180-20de806e325c","The Gifts of Imperfect Parenting","821","128","371","322"
"61909159-a514-4e78-a2e7-22c38ae924a2","Lost Connections","1781","310","654","817"
"659417d7-89cd-41e7-8250-a508623e2165","Drunk Tank Pink","1995","294","684","1017"
"8ab0b255-7ed1-472d-bd6b-22778e38e043","Irresistible","1806","283","607","916"
"ba1de2d8-5cfa-49f9-a1e3-98607bc962f6","The Brain That Changes Itself","2033","265","732","1036"
"e1eaa6bd-b740-43c1-a165-61e321886499","Incognito","1745","313","592","840"
"06b02a76-3ef2-418b-a929-0731ad07f3cf","The Lucifer Effect","2146","326","771","1049"
"96dc3231-a924-441d-87fd-8d6abedae60c","The Interpretation of Dreams","1760","317","643","800"
"8d46bd04-0dd4-43e9-b580-fe6714e8d285","Redirect","1400","318","523","559"
"2e6a3240-23f3-4dc6-9a9c-e9ef837432cb","The Tell-Tale Brain","742","201","245","296"
"0e1372f9-45d4-458c-95ba-3944e97dabe5","Awakenings","2530","361","880","1289"
"3a76bfe9-a65d-4108-9d8b-8c8855c09bef","The Man Who Mistook His Wife for a Hat","777","145","237","395"
"cb18e89d-98f5-43a0-96bf-e5e2819cd78c","Behave","1961","392","693","876"
"7c2c22f3-dbbc-40eb-9960-12297e1e6958","The Undoing Project","2049","345","686","1018"
"fc71ec06-3387-4ec5-af80-533561115558","Thinking in Bets","1699","282","509","908"
"ab109272-09ff-4cd4-92bb-cd2e6c8dff8d","Finish","1783","288","528","967"
"9daf5ba5-3d53-4901-91cf-aebffd5a96e3","I Know How She Does It","1801","317","642","842"
"18587351-ff58-4bbb-89ba-2e7c0560fdb5","The 5 Choices","1900","291","718","891"
"49b9c089-1a07-4b14-bd00-9b82ceeb022f","The Bullet Journal Method","2008","282","610","1116"
"bcf320b0-3052-44a8-ba02-c162086de10c","Scrum","1984","333","695","956"
"4d22ca1d-8114-4911-aefe-0110b8c439af","Sprint","797","196","289","312"
"c0990a8c-0b15-4c86-a10b-b9c819e98eb7","Extreme Productivity","686","134","311","241"
"b8dcec11-ee5a-4f24-8dfc-6390cb90b0b4","The Effective Manager","1850","304","522","1024"
"371d682b-f556-4902-806f-43002948b0e3","The Art of Work","918","136","344","438"
"d6de62a1-0b09-49ac-ba0f-1207e5d10b20","Work Clean","1622","319","463","840"
"3445f6d6-6518-4170-bbd7-d35645bf8540","Getting Results the Agile Way","839","178","278","383"
"3f918f4c-3a5d-406b-9b41-1ca179b99866","First Things First","741","131","260","350"
"a4a377c2-f80f-4379-b6ec-5dac769be9be","The Organized Mind","1856","272","613","971"
"52ab22bc-dd7c-4a93-8401-0e06423c520c","Hyperfocus","1498","334","497","667"
"ad76cbe0-28e3-49c6-995c-119a3b823497","The Now Habit","1886","346","598","942"
"df31e1f2-03d5-4604-90a4-127c08549fd6","The 80/20 Principle","1720","377","615","728"
"0f5dd060-4846-4fc9-b116-82cc6ffc2e02","The 12 Week Year","2350","320","672","1358"
"3239f852-5186-4c48-964f-279e87382823","The Four Tendencies","808","178","298","332"
"cdbe388e-84ac-4ff2-9445-8eec7bb5c73a","Maybe You Should Talk to Someone","1942","309","700","933"
"cb46db3e-54b7-4e14-81f1-3b568bb8ac4d","The Courage to Be Disliked","1963","315","654","994"
"2f05f52c-274a-4892-bb69-a2fedf00d528","101 Essays That Will Change The Way You Think","656","143","234","279"
"f38fcf45-efd5-446d-ae75-3c75587ede4c","The Mountain Is You","1503","200","491","812"
"f2637159-9d26-46c1-8c75-31488b17710b","The Power of Vulnerability","1546","183","548","815"
"117596f6-21e0-4a34-b94c-f33a3cbdc42a","A New Earth","1623","206","594","823"
"19a0590d-248c-4367-87c7-afb7c395092d","Loving What Is","1892","293","751","848"
"1d9c9e4f-e392-4ef2-b0bc-580a6e52efbf","The Voice of Knowledge","698","126","308","264"
"55144aca-d0ba-45c4-977f-e221c5845aa3","The Mastery of Love","1876","328","686","862"
"1bad4565-61cf-4496-91fb-4334d68c8d10","Your Erroneous Zones","2190","314","615","1261"
"fc3d7327-d21c-4c70-8393-d53d2430cb18","The Power of Intention","1862","306","635","921"
"86e3280f-aa49-48dc-94bd-3a9d88990a7f","The Road Less Traveled","1660","319","549","792"
"b9dc1be8-94b1-4604-b299-fdbc1f96a05d","Man's Search for Ultimate Meaning","1836","308","682","846"
"722762ff-831f-4b97-a76c-d24c28a6cd12","The Art of Happiness","1891","280","457","1154"
"43b9d774-28d2-4025-97ba-9bc25059460b","Feel the Fear and Do It Anyway","739","135","301","303"
"4c2caa03-fb75-4fff-a5f0-a4795aca4924","The Power of Positive Thinking","1851","279","539","1033"
"39757c73-4141-478a-aad9-67cfb0fb5f3c","The Surrender Experiment","613","122","238","253"
"67b875e8-be25-4f1e-9c23-45c84e3aaaca","The Untethered Soul","1737","330","529","878"
"8c270364-bfe7-433c-b169-0e652e91022a","Braving the Wilderness","2027","304","711","1012"
"d15cb3a5-0e1f-4716-8a93-00817d7a29bd","Rising Strong","1677","312","582","783"
"9ee9c2f1-df3e-4b45-afe6-5cfd3507a033","Big Magic","1937","368","670","899"
"70ffca81-1b39-4b00-a90f-ef4798bd85b1","The Life-Changing Magic of Tidying Up","1940","348","700","892"
"621eeccd-7995-4025-bb09-fd47e3b19cdc","Better Than Before","1711","253","550","908"
"df3c1d2b-211b-49a0-9838-4be7b6bbbd9c","The Happiness Project","2265","208","646","1411"
"524ad69e-1bb2-431c-9eb4-04c7fa5f60fb","Unf*ck Yourself","1473","316","517","640"
"143fcbb2-6839-4ec1-af2d-58253cef84c3","Girl, Stop Apologizing","2059","304","633","1122"
"af8b169e-45fc-469b-b216-48390ebeb2c6","Girl, Wash Your Face","1918","326","701","891"
"8074aced-4563-422e-9c6b-460248df70f7","The 5 Second Rule","1832","272","643","917"
"dd516700-ffc8-4724-aadc-db44b8b0c967","Purple Cow","1658","200","706","752"
"fec57881-60eb-4321-aa41-04934350513f","Pre-Suasion","1896","321","669","906"
"3bfea645-c508-487d-9a75-184d82f0a4b4","Never Split the Difference","798","185","341","272"
"c5302dab-9c30-4e8c-af09-669eb15ae0fe","Pitch Anything","1892","295","745","852"
"9e386072-93e9-436b-b9bd-a9bba355f262","To Sell Is Human","2185","314","800","1071"
"5b9a9415-19fb-471f-9baa-1d27c4cde51d","The Sales Acceleration Formula","2061","346","680","1035"
"e571c3b2-5a06-492a-8ef5-c37140cbffaa","Predictable Revenue","1870","308","610","952"
"af130321-956b-4aa4-af98-6e2a6e86948a","Contagious","1723","301","645","777"
"7536cf1f-c4e5-43ef-a34f-14fc9090fc0c","Hooked","1716","263","624","829"
"7890bf5d-debc-4dae-8a12-dd37835535eb","The Art of the Start 2.0","818","154","351","313"
"e531cbbf-7d06-4a90-aa39-5a89316bb246","It Doesn't Have to Be Crazy at Work","1985","347","585","1053"
"b7d6e464-13f8-4b32-b359-118f0d8312e0","Remote","1653","313","588","752"
"aff776cc-7228-4efc-ac12-3bb580836626","Rework","1764","315","645","804"
"6272a44a-970a-4611-b95a-7faa12b055ee","Delivering Happiness","1646","341","572","733"
"e0d2dff2-6c31-4f96-9573-89e7a20af842","The One Minute Manager","1625","287","618","720"
"e7c7c94e-8b90-41f5-be93-3cf7e7601137","Playing to Win","1749","269","570","910"
"bdce3e1a-413e-4de4-800d-a4b0c9abaec5","The Innovator's Solution","1955","336","680","939"
"f4d9f4a4-fc2e-4ad1-9988-2f03b7c30ea8","Creativity Inc","1800","292","618","890"
"23b70e5a-7a19-4193-a857-e1700f8e5a6b","The Outsiders","733","131","320","282"
"781797bf-94d0-40cc-9adf-9dc371485d28","Principles","807","161","351","295"
"2273e973-2fc7-4c38-bddc-6f7754cf6600","Only the Paranoid Survive","630","124","253","253"
"deb71fe2-24b4-413f-9fa4-02841ae2bc60","The Effective Executive","1846","293","767","786"
"c8500576-2bd3-4d71-a97c-28b09a6a0381","Competitive Strategy","1689","312","548","829"
"7e847c67-ebf1-4513-8cad-4202ef768692","The Goal","614","115","260","239"
"59e0608a-f645-4e37-8d13-18448398df64","Scaling Up","1944","308","628","1008"
"7d35523a-3821-4bc8-a097-9a25988daea6","Traction","835","187","268","380"
"31cba18f-ba14-4713-8e57-2d4d5c3b106b","The Advantage","687","159","258","270"
"375ab9be-e41d-4465-934b-4acac688ee54","Good Strategy Bad Strategy","794","184","317","293"
"6e5dc0f9-13a7-4b47-99e8-48154e2be638","Winning","1748","261","640","847"
"124cd9b9-537d-4678-94ef-0e455aee0185","The Lean Six Sigma Pocket Toolbook","1877","341","663","873"
"25898cbb-bedf-4eed-af34-ab1e0bd4984f","Algorithms to Live By","907","138","377","392"
"5c3ee9a3-1642-4963-807b-4ffce0dd20bf","Weapons of Math Destruction","1891","302","611","978"
"153df022-fbad-46e8-bf88-b70702173d6c","The Master Algorithm","1895","289","819","787"
"fbaa832c-14a3-4a4f-9161-e35ac4b74802","The Singularity Is Near","2371","273","749","1349"
"f0f97436-dfea-4c4e-8b45-3949050a1f1a","Superintelligence","1953","348","686","919"
"232c310e-e16b-4caf-9136-31c5640e12c7","Life 3.0","644","133","218","293"
"82050fc4-ef99-4e0a-8dc3-bd5b51d3f933","The Second Machine Age","783","168","291","324"
"073d820b-236a-49a2-9bbb-d533737d48da","The Everything Store","2545","304","812","1429"
"3023547a-1a53-422a-acb7-7e98ce792cb8","The Innovators","779","134","328","317"
"633cff21-633e-4987-b394-38df71a8ddee","The Code Breaker","1903","325","753","825"
"b90598a9-44e8-4191-9cb4-1b8471ac8362","The Emperor of All Maladies","1937","330","685","922"
"2443af34-3b16-4e70-b6c6-4876eb8a2791","The Gene","882","209","380","293"
"7440c8fd-fe11-44f8-b56b-69fd99f38476","The Demon-Haunted World","1909","334","699","876"
"df736653-38cc-4d40-8911-270e31ea893b","Cosmos","1930","306","622","1002"
"5f1429b3-24ce-42e5-a4ae-761b1e52683f","The Origin of Species","1949","309","581","1059"
"84e2f430-e230-4dff-9e73-710a7e5c4681","The Selfish Gene","1843","336","710","797"
"eef132a2-c33a-4392-82f2-61c7215bbf2f","A Brief History of Time","1755","301","735","719"
"873aaeba-d74d-41a8-bf90-21ac9d7c4ed5","21 Lessons for the 21st Century","1961","394","710","857"
"de08de67-dc19-4584-a6dd-9a9fc5563185","Homo Deus","1756","345","639","772"
"eaec2c89-0bfb-4585-80e1-acace59de889","Sapiens","2059","285","667","1107"
"753f5478-1bb9-45fa-86bb-3d600d7a62c9","Alexander Hamilton","709","131","274","304"
"fbdd1723-9528-4fb8-a912-30cd45da5e51","The Immortal Life of Henrietta Lacks","1880","324","608","948"
"12a7ab84-1ac2-4a1e-8860-9f7ea7b36533","Team of Rivals","1698","277","540","881"
"d5e0b630-5486-42f7-b3d1-0b28bea38b69","John Adams","761","193","312","256"
"ad0998d6-eb86-444a-8c1c-0c166b79997b","1776","1742","293","690","759"
"22f46072-5dce-48bc-8afc-a60fbc15a84b","The Wright Brothers","904","173","350","381"
"a4ba7acd-ec47-447b-822d-b08dc371772b","Wild","1909","324","651","934"
"f418148a-79e1-4728-89e9-7226cd00b1cf","Into the Wild","2034","335","691","1008"
"d447b29f-55dd-475a-9f09-ac6f9908f19a","Unbroken","1878","287","531","1060"
"da03191e-5007-4c5e-98e3-692e9584c086","The Diary of a Young Girl","1992","312","778","902"
"da2effe5-54b5-4b73-8904-db49ef4f7e8c","Born a Crime","1935","370","688","877"
"3f70be22-f44f-4ce3-86a3-331766041027","Educated","807","180","261","366"
"5b45673f-f2e5-413a-864d-6f347a833262","Becoming","1671","303","514","854"
"55ac54f4-24d9-4c05-961b-a6a4900b8291","Long Walk to Freedom","1873","311","701","861"
"ce1f776d-939a-43cb-9ebc-fc9eba442d98","The Autobiography of Benjamin Franklin","2153","356","773","1024"
"e28be0a0-8a23-4aa8-8f0f-d5e5cfcb77d3","Elon Musk","1749","308","606","835"
"a17e809d-a979-494c-9e03-3a1fe28c190a","Leonardo da Vinci","1814","302","617","895"
"8346cb81-a0f3-4b57-8450-fdc7e1dfdd40","Einstein","1832","321","710","801"
"ac42b0fc-9129-4b95-a65e-fd61f5882cde","Steve Jobs","1646","189","605","852"
"1cdcab8a-217c-4fb0-b939-89a190671f14","Shoe Dog","1757","264","626","867"
"543f15b0-fd86-437c-bbc1-5ef89f005302","Peak","1713","283","616","814"
"ce49d63d-22c6-4198-9ac6-610704b2fcd0","The Longevity Diet","1609","307","534","768"
"8e97389c-b412-4676-8289-ee3fe7d08b8e","Eat to Live","626","134","257","235"
"a76e6ebb-55d2-40d6-9ffd-1975433f73ba","The Telomere Effect","1796","313","566","917"
"ed773dab-9134-4151-8b2d-85f69c1aca3d","Medical Medium","1703","332","510","861"
"d2f15350-e6f0-4c18-ab92-556377637024","The Plant Paradox","1704","296","656","752"
"7fb2d8f5-5175-42d4-991c-139bda4945d4","The End of Alzheimer's","2066","282","576","1208"
"29f6ee58-9b5c-4b04-9bd8-0d2fd86ec68a","Brain Rules","709","178","237","294"
"10f10379-9729-4f11-b868-1c5382157425","The Ultra Mind Solution","1685","267","501","917"
"6c7b8ade-3675-49db-a737-a6b2d72661f6","Spark","1911","290","667","954"
"a57ab751-fe26-4fce-b441-269daa7f0c82","The China Study","1702","308","575","819"
"6a748c21-f550-4dec-901a-3e6cb549f694","Born to Run","1690","300","658","732"
"bbefa8e9-14df-44a5-8ec0-112d8f208c4e","The 4-Hour Body","1813","296","516","1001"
"bc14c764-b9e0-4144-bfa5-48baf68ace68","The Obesity Code","1834","287","587","960"
"9766cac3-100b-4fdb-a544-bb09eb842001","How Not to Die","1665","293","498","874"
"8e614c32-fcc3-479f-a7c4-3c4217001ae3","Lifespan","1836","203","552","1081"
"f146c586-9eac-4ab5-919b-18b39ec921a4","Breath","1652","309","486","857"
"ded65d43-f2ee-47e6-995d-d0f7e582cac9","The Body","1644","304","596","744"
"a87f58d5-36f4-445e-ab9a-4cc9b6702355","Why We Sleep","1688","340","594","754"
"7e93e919-b974-41ae-a7d1-7f9dd91b8769","Black Box Thinking","664","127","237","300"
"d65ff2db-e799-4002-b587-9056e5063d03","Bounce","1970","330","669","971"
"98d9db0b-dd03-4834-8744-3134b8228934","The Upside of Stress","2012","292","689","1031"
"8eb27f85-7b10-4252-9fec-480777f72982","The Willpower Instinct","748","129","306","313"
"0f922ef5-7fa3-4b70-abf1-bf5dc2dd993b","The Righteous Mind","2554","330","1000","1224"
"00aa4f74-cb15-4902-9b38-f2490aa8d8d2","Made to Stick","2272","331","731","1210"
"a1ec91c0-2485-4ec7-a3cf-d8ef0517b1b6","Switch","1991","310","681","1000"
"a369db15-6dcb-4d23-bc49-045e1f62ee99","The Social Animal","1946","322","739","885"
"3ef8a6b1-9b17-4d16-ab8d-890f8963aa3f","Stumbling on Happiness","778","191","300","287"
"39cd18da-3a0f-4372-893d-248efd582639","The Happiness Hypothesis","792","134","333","325"
"7bf4e77f-6daf-4880-bd9c-3e23f92ee225","Flow","1894","289","534","1071"
"36f4b0fd-253a-4417-aac6-5b3ad2fc7aee","The Body Keeps the Score","686","138","233","315"
"3e378e3d-2ef5-4226-ab0a-ed9d74921728","Quiet","565","113","243","209"
"df4b11a0-d1d1-4a89-8a7f-9fdad717fdf5","Emotional Intelligence","1823","286","584","953"
"0d80a789-d3a3-4e60-956d-3e538dc5bcdf","The Tipping Point","2985","340","1005","1640"
"41b89517-b53b-4806-89bc-5f14da513b07","Outliers","818","170","362","286"
"2031954c-6fd1-434d-a232-8ab6c8f11ed4","Blink","781","132","343","306"
"587f0351-6f9b-4253-823e-2ce8cc0264f1","The Paradox of Choice","1827","241","624","962"
"181fea1b-4270-474d-bb2d-1262f4688901","Predictably Irrational","2180","292","714","1174"
"92a7056b-b066-40d4-b736-1458113df2db","Thinking, Fast and Slow","2126","327","693","1106"
"7303f328-7182-4fb8-87b5-1534669e1c96","Quit Like a Millionaire","698","145","244","309"
"b435c378-abd3-4912-a4bc-bf37a7a3ce9d","The Index Card","807","141","344","322"
"7b854368-cc7c-4a38-b0eb-8113b305f12a","Financial Freedom","1671","341","514","816"
"a376cd40-fdb9-4449-94c4-b9f503217d96","The Barefoot Investor","2032","267","730","1035"
"6903985c-f689-474c-acd9-e11a47749f2d","The Simple Path to Wealth","1781","304","583","894"
"e9b5dec1-edbc-460f-b5a4-37d9bc0db70b","Broke Millennial","1974","320","602","1052"
"55115f46-b5e9-443f-9769-eb086cf57953","The Little Book of Common Sense Investing","2079","293","748","1038"
"f6087f1e-c71d-4740-bf01-a392c1119cc2","A Random Walk Down Wall Street","1824","306","492","1026"
"ff2fa993-e448-49f9-8338-7f6c3955e56b","The Psychology of Money","1628","284","611","733"
"7342ca38-c04a-4a84-8f4d-34c0d4fd21ad","Unshakeable","775","171","304","300"
"646c74f3-9761-4b74-a977-c3184bdfcd28","Money Master the Game","655","136","284","235"
"ad4c4d5c-7851-4d20-8e24-39b54dff36c6","The Automatic Millionaire","1731","198","642","891"
"53377d40-75f2-452e-91fe-ca6d799c24ed","Your Money or Your Life","764","139","303","322"
"f1be0f47-6461-4bc8-bfd6-8f87598db58d","I Will Teach You to Be Rich","1720","323","567","830"
"c36053e2-11b8-4c08-99b0-99a63cc5d584","The Total Money Makeover","1708","305","590","813"
"571baa7f-939f-4447-9264-ed7bdb9b8fb2","The Richest Man in Babylon","781","194","298","289"
"fa4cbbc0-6adf-4ef7-b6f2-b1fa701889a2","The Intelligent Investor","1774","332","651","791"
"d43506b7-1fec-4cfa-82c0-7c9da5ede2ea","Think and Grow Rich","2085","283","641","1161"
"63c1b380-ea63-4173-9fec-b99b8dbaa02a","The Millionaire Next Door","703","120","278","305"
"0bc058cd-b4e8-4bcc-9a27-9f395e9d8ddc","Rich Dad Poor Dad","2470","281","727","1462"
"e154bfa0-5447-41a6-b551-a056d95d666b","Drive","1877","270","689","918"
"432c0201-22ed-4bcc-bd07-869e6268eb69","When","686","154","259","273"
"09d67767-7166-4041-9110-9f76b7ec5969","The Checklist Manifesto","2179","361","726","1092"
"7065fe11-b66b-4a4f-9934-addfff17ff71","Do the Work","1847","336","567","944"
"0a9ce08f-1690-437c-ab0d-c4be4bada02d","The War of Art","2390","230","847","1313"
"154cc4a0-d0d5-4e94-98b8-34fa5f74967b","So Good They Can't Ignore You","2234","315","683","1236"
"11888d7d-81a8-41a8-b550-1e984343a346","Digital Minimalism","2077","288","617","1172"
"7abce110-ec71-4540-a597-8b3e19836a64","Off the Clock","1823","376","573","874"
"2403d0f2-dc15-47fe-8424-8a6ad8ba42e5","168 Hours","713","150","271","292"
"b58143c6-9414-4899-8181-1df3ec3b759f","Smarter Faster Better","1912","304","547","1061"
"101aeff7-36ed-4daa-8412-6c0e2a97f4dd","The Power of Habit","2528","319","963","1246"
"d601a943-f566-4d13-8c53-bd227f69d1e2","Indistractable","1717","293","560","864"
"09599a9f-d9db-4741-aeab-eaeb3ae6e27d","Make Time","2473","356","995","1122"
"6f3a0e0e-dbff-4ac2-b279-3236db0e1a4e","The Productivity Project","1631","199","585","847"
"769bbca2-cdf5-4807-ba78-beea43140651","Eat That Frog!","1828","327","657","844"
"b4a02dc4-cc54-4cc7-9a87-7e24b3a10c29","The One Thing","1789","318","663","808"
"33782766-4bbc-46a8-ad0c-86fb8e021042","Essentialism","679","130","339","210"
"70143ed0-a569-4981-993c-d144a75e3709","The 4-Hour Workweek","820","134","302","384"
"1d28ac3b-5d06-4ffa-9aa8-44ce6fd3bbe8","Getting Things Done","1780","324","634","822"
"73db9c1a-7e74-434d-958f-c02eb6d3132e","Deep Work","1907","352","708","847"
"1acab521-4d6f-432b-af4b-515aaa053612","The Compound Effect","2318","370","613","1335"
"1d99ccc9-72d3-4fa1-8400-ed898b5cfd6c","High Performance Habits","1932","270","515","1147"
"677a9d17-5574-4988-8d42-c3b531c65fd4","The 5 AM Club","1549","273","588","688"
"57e73ac1-28c0-47ef-8a17-e9c2f7d5ba7b","Awaken the Giant Within","2067","325","609","1133"
"eaf17b0e-e442-4754-8df6-1f3da3ce855f","The Magic of Thinking Big","1784","299","570","915"
"55fbcc9e-e0a1-4e36-b174-9af0d751f122","The Miracle Morning","1697","260","628","809"
"e9427602-40aa-4e52-8a36-3827a0c0b783","You Are a Badass","1591","317","570","704"
"07742ff8-102c-44ea-adfd-9cb24e304bb5","The Gifts of Imperfection","2216","297","789","1130"
"d814a5f1-5388-4b17-b887-a6c968db9bbe","Daring Greatly","1685","275","511","899"
"5ba8bc65-df0a-467b-a3f9-ee5614010e25","Grit","1420","181","544","695"
"c0673828-124d-4053-a0f4-39688a69d6ad","Mindset","1655","264","714","677"
"c1decf01-1e04-40a0-98ac-c6f319429abd","The Alchemist","1708","326","659","723"
"a1e86064-62f2-43db-bcb7-0ffda33bac78","The Four Agreements","2205","315","619","1271"
"ca8ff51a-5c5d-4cf3-8702-10ab3b5255fc","Can't Hurt Me","1763","350","483","930"
"0851dd62-6470-495b-b2e2-99fdc5bee835","The Subtle Art of Not Giving a F*ck","2350","359","871","1120"
"e8414dc0-b679-4cc3-865f-d7f19c7e9ee9","Man's Search for Meaning","1910","345","620","945"
"ff0beae6-de07-414a-9b8e-fb8a086a4c10","The Power of Now","1799","339","685","775"
"712b960f-609d-4ffc-a707-16783554d638","How to Win Friends and Influence People","1809","339","511","959"
"faf90327-9298-4d6e-9e85-63951659841b","The 7 Habits of Highly Effective People","1566","260","522","784"
"c7256821-4271-4faf-9c74-66ffd841decf","Atomic Habits","2240","318","752","1170"
"8acdfff8-2cd0-441d-b2bc-d740e0f9d9e2","The Culture Code","1950","324","693","933"
"c4210ce7-847b-4c4c-84b0-24ff824d43dc","Measure What Matters","1778","312","672","794"
"b06ff194-fff5-46ee-9011-4b02e3aac01d","Crucial Conversations","2050","274","595","1181"
"4103d31a-da99-4131-a60e-cbbdfa856f98","The Five Dysfunctions of a Team","619","132","261","226"
"10a2090b-a78b-4441-8240-9d7fdda2b989","Extreme Ownership","1822","304","599","919"
"942a3e40-9ee8-4304-8ea9-db63d993ad4a","Dare to Lead","1527","190","564","773"
"0e464a46-0437-4d9e-9638-0064761b8c91","The Infinite Game","2453","332","765","1356"
"e9a5ba0c-aae2-4865-bff4-7959c6fb48ee","Leaders Eat Last","2138","326","743","1069"
"d137aebd-15d7-417a-807b-1cebdd4892af","Start with Why","1930","323","636","971"
"0900555e-fbfa-4bdc-b360-119440517ebb","Influence","2294","348","688","1258"
"f1fd4ce4-4fcd-415b-a536-12115c5b0b6d","The 22 Immutable Laws of Marketing","2334","312","790","1232"
"d306cd48-bf6f-4092-aa62-627b004087b1","Crossing the Chasm","2029","297","720","1012"
"0f40151f-352b-4188-a4c3-ce063868826b","The E-Myth Revisited","2608","348","871","1389"
"19a61248-5514-4b25-8d2d-4db776e7d91a","Blue Ocean Strategy","2591","316","825","1450"
"909265d9-7803-4194-b09e-b1ed4012c463","The Innovator's Dilemma","1778","281","648","849"
"e5ba8ac6-aa67-4d32-8b01-9c105c051b10","The Hard Thing About Hard Things","1797","290","595","912"
"365b4e1e-66b2-4b44-9bcc-c30128265af8","Zero to One","734","127","282","325"
"f333cad2-34da-49f4-bdda-cf5cdd298acc","The Lean Startup","1852","341","696","815"
"ee24b945-0a8c-4782-82ff-2087289b0b47","Built to Last","1781","332","628","821"
"0811fd0c-2b96-40d4-9df9-13fd400ab2b4","Good to Great","2524","317","892","1315"
