"Title","TotalWords","SummaryWords","InsightsCount","ChapterWords"
"The Giver of Stars","1018","318","14","0"
"After You","619","219","8","0"
"Still Me","992","342","13","0"
"Me Before You","941","341","12","0"
"The Rosie Result","939","289","13","0"
"The Rosie Effect","943","293","13","0"
"The Rosie Project","685","285","8","0"
"Eleanor Oliphant Is Completely Fine","914","314","12","0"
"Where the Crawdads Sing","970","320","13","0"
"The Four Winds","763","363","8","0"
"The Great Alone","976","326","13","0"
"The Nightingale","889","289","12","0"
"All the Light We Cannot See","956","356","12","0"
"The Book Thief","1034","334","14","0"
"And the Mountains Echoed","924","324","12","0"
"A Thousand Splendid Suns","974","324","13","0"
"The Kite Runner","979","329","13","0"
"Room","971","321","13","0"
"The Curious Incident of the Dog in the Night-Time","1022","372","13","0"
"The Art of Racing in the Rain","933","283","13","0"
"Britt-Marie Was Here","876","276","12","0"
"Us Against You","901","301","12","0"
"Beartown","629","229","8","0"
"My Grandmother Asked Me to Tell You She's Sorry","927","227","14","0"
"A Man Called Ove","1006","306","14","0"
"Teacher Man","730","330","8","0"
"'Tis","662","262","8","0"
"Angela's Ashes","955","355","12","0"
"The Glass Castle","1018","368","13","0"
"I Know Why the Caged Bird Sings","944","294","13","0"
"The Autobiography of Malcolm X","957","357","12","0"
"Just Mercy","840","390","9","0"
"The New Jim Crow","1028","328","14","0"
"Between the World and Me","715","315","8","0"
"So You Want to Talk About Race","899","299","12","0"
"White Fragility","983","333","13","0"
"How to Be an Antiracist","742","342","8","0"
"Stamped from the Beginning","756","356","8","0"
"The Color of Law","990","340","13","0"
"Caste","700","300","8","0"
"The Warmth of Other Suns","681","281","8","0"
"The Sixth Extinction","991","341","13","0"
"The Story of the Human Body","712","312","8","0"
"One Summer","923","323","12","0"
"At Home","516","216","6","0"
"A Short History of Nearly Everything","643","193","9","0"
"The Third Chimpanzee","747","347","8","0"
"Collapse","698","298","8","0"
"Guns, Germs, and Steel","789","189","12","0"
"The Little Book of Lykke","954","354","12","0"
"The Little Book of Hygge","954","304","13","0"
"How to Walk","980","330","13","0"
"How to Sit","995","295","14","0"
"How to Relax","1038","338","14","0"
"How to Love","950","300","13","0"
"You Are Here","907","307","12","0"
"The Art of Living","708","308","8","0"
"No Mud, No Lotus","1033","333","14","0"
"The Heart of the Buddha's Teaching","757","357","8","0"
"Being Peace","690","190","10","0"
"The Miracle of Mindfulness","1018","318","14","0"
"Peace Is Every Step","961","261","14","0"
"The Way to Love","956","306","13","0"
"Awareness","1018","368","13","0"
"The Practicing Mind","1019","319","14","0"
"Waking Up","963","313","13","0"
"Meditation for Fidgety Skeptics","710","310","8","0"
"10% Happier","1022","322","14","0"
"Faith","684","284","8","0"
"Real Happiness","940","290","13","0"
"Loving Kindness","517","117","8","0"
"Start Where You Are","940","290","13","0"
"The Wisdom of No Escape","841","191","13","0"
"When Things Fall Apart","997","347","13","0"
"The Places That Scare You","993","293","14","0"
"True Refuge","676","176","10","0"
"Radical Acceptance","942","292","13","0"
"Full Catastrophe Living","617","167","9","0"
"Wherever You Go, There You Are","981","331","13","0"
"The Book of Joy","950","300","13","0"
"The Seven Spiritual Laws of Success","993","343","13","0"
"Conversations with God","992","342","13","0"
"Many Lives, Many Masters","546","146","8","0"
"The Honeymoon Effect","1017","317","14","0"
"The Biology of Belief","961","311","13","0"
"You Are the Placebo","560","160","8","0"
"Becoming Supernatural","954","354","12","0"
"Breaking The Habit of Being Yourself","713","213","10","0"
"The Buddha and the Badass","650","150","10","0"
"The Code of the Extraordinary Mind","1011","311","14","0"
"The Slight Edge","999","349","13","0"
"The Noticer","986","336","13","0"
"The Traveler's Gift","579","179","8","0"
"The Art of Possibility","946","296","13","0"
"The Way of the Superior Man","650","150","10","0"
"Change Your Thinking, Change Your Life","653","153","10","0"
"The Psychology of Selling","961","311","13","0"
"Goals!","874","274","12","0"
"No Excuses!","943","293","13","0"
"Maximum Achievement","1019","319","14","0"
"The Aladdin Factor","989","339","13","0"
"The Success Principles","1032","332","14","0"
"Outwitting the Devil","987","337","13","0"
"The Science of Getting Rich","1035","335","14","0"
"As a Man Thinketh","1018","318","14","0"
"How to Win at the Sport of Business","577","177","8","0"
"The Laws of Human Nature","882","282","12","0"
"Mastery","904","304","12","0"
"The 50th Law","948","298","13","0"
"The Art of Seduction","1006","306","14","0"
"The 33 Strategies of War","962","312","13","0"
"The 48 Laws of Power","1034","334","14","0"
"The Artist's Journey","939","339","12","0"
"Turning Pro","824","224","12","0"
"Hero","890","290","12","0"
"The Magic","951","301","13","0"
"The Power","1017","317","14","0"
"The Secret","911","311","12","0"
"The Greatness Guide","531","131","8","0"
"Who Will Cry When You Die?","1054","354","14","0"
"The Leader Who Had No Title","955","305","13","0"
"The Monk Who Sold His Ferrari","938","288","13","0"
"The Small Big","581","131","9","0"
"Yes!","986","286","14","0"
"Peaks and Valleys","850","200","13","0"
"The Present","1013","313","14","0"
"Who Moved My Cheese?","652","202","9","0"
"Gung Ho!","635","135","10","0"
"Raving Fans","877","277","12","0"
"The New One Minute Manager","922","322","12","0"
"Surge","899","299","12","0"
"Pumpkin Plan","1016","316","14","0"
"Clockwork","926","276","13","0"
"Profit First","1025","375","13","0"
"The Automatic Customer","815","165","13","0"
"Built to Sell","868","218","13","0"
"The Unfair Advantage","677","177","10","0"
"Play Bigger","795","195","12","0"
"Lost and Founder","1025","325","14","0"
"The Future Is Faster Than You Think","970","320","13","0"
"Abundance","1029","329","14","0"
"Bold","988","338","13","0"
"The Thank You Economy","945","295","13","0"
"#AskGaryVee","952","302","13","0"
"Jab, Jab, Jab, Right Hook","1006","306","14","0"
"Crushing It!","977","327","13","0"
"Growth Hacker Marketing","912","312","12","0"
"Trust Me I'm Lying","997","347","13","0"
"Perennial Seller","1014","314","14","0"
"Stillness Is the Key","1005","305","14","0"
"Ego Is the Enemy","702","302","8","0"
"The Obstacle Is the Way","993","343","13","0"
"Think Again","643","143","10","0"
"Give and Take","991","341","13","0"
"Originals","922","272","13","0"
"The Power of Moments","922","222","14","0"
"Decisive","883","283","12","0"
"Start Small, Stay Small","616","216","8","0"
"Company of One","887","287","12","0"
"The First 20 Hours","927","277","13","0"
"The Personal MBA","947","247","14","0"
"Traction","933","333","12","0"
"Expert Secrets","894","194","14","0"
"Dotcom Secrets","884","284","12","0"
"Unscripted","640","140","10","0"
"The Millionaire Fastlane","840","190","13","0"
"The $100 Startup","941","291","13","0"
"Powerful","852","252","12","0"
"Radical Candor","1031","331","14","0"
"Death by Meeting","998","298","14","0"
"The Ideal Team Player","869","269","12","0"
"Multipliers","966","316","13","0"
"The Leadership Challenge","1051","351","14","0"
"Primal Leadership","1021","321","14","0"
"The Speed of Trust","580","180","8","0"
"Leadership Is Language","918","318","12","0"
"The Dichotomy of Leadership","987","337","13","0"
"Turn the Ship Around","972","322","13","0"
"The Anatomy of Peace","1024","374","13","0"
"Leadership and Self-Deception","954","304","13","0"
"Developing the Leader Within You","645","145","10","0"
"The 21 Irrefutable Laws of Leadership","978","328","13","0"
"Against the Gods","628","128","10","0"
"Reminiscences of a Stock Operator","588","188","8","0"
"Market Wizards","707","207","10","0"
"The Snowball","957","307","13","0"
"Buffett","693","193","10","0"
"The Warren Buffett Way","577","127","9","0"
"Security Analysis","993","293","14","0"
"Margin of Safety","1006","306","14","0"
"The Most Important Thing","975","325","13","0"
"You Can Be a Stock Market Genius","1034","334","14","0"
"The Dhandho Investor","991","341","13","0"
"A Wealth of Common Sense","948","298","13","0"
"The Little Book of Behavioral Investing","1013","313","14","0"
"The Bogleheads' Guide to Investing","626","126","10","0"
"The Little Book of Value Investing","1017","317","14","0"
"Beating the Street","904","304","12","0"
"One Up On Wall Street","950","350","12","0"
"Common Stocks and Uncommon Profits","968","268","14","0"
"The Essays of Warren Buffett","523","123","8","0"
"The Little Book That Still Beats the Market","971","321","13","0"
"No-Drama Discipline","615","165","9","0"
"The Whole-Brain Child","918","318","12","0"
"The Gifts of Imperfect Parenting","628","128","10","0"
"Lost Connections","910","310","12","0"
"Drunk Tank Pink","944","294","13","0"
"Irresistible","933","283","13","0"
"The Brain That Changes Itself","965","265","14","0"
"Incognito","1013","313","14","0"
"The Lucifer Effect","926","326","12","0"
"The Interpretation of Dreams","967","317","13","0"
"Redirect","918","318","12","0"
"The Tell-Tale Brain","601","201","8","0"
"Awakenings","1011","361","13","0"
"The Man Who Mistook His Wife for a Hat","545","145","8","0"
"Behave","1042","392","13","0"
"The Undoing Project","995","345","13","0"
"Thinking in Bets","932","282","13","0"
"Finish","938","288","13","0"
"I Know How She Does It","967","317","13","0"
"The 5 Choices","991","291","14","0"
"The Bullet Journal Method","932","282","13","0"
"Scrum","983","333","13","0"
"Sprint","696","196","10","0"
"Extreme Productivity","634","134","10","0"
"The Effective Manager","954","304","13","0"
"The Art of Work","636","136","10","0"
"Work Clean","819","319","10","0"
"Getting Results the Agile Way","678","178","10","0"
"First Things First","531","131","8","0"
"The Organized Mind","922","272","13","0"
"Hyperfocus","934","334","12","0"
"The Now Habit","996","346","13","0"
"The 80/20 Principle","1027","377","13","0"
"The 12 Week Year","920","320","12","0"
"The Four Tendencies","678","178","10","0"
"Maybe You Should Talk to Someone","959","309","13","0"
"The Courage to Be Disliked","965","315","13","0"
"101 Essays That Will Change The Way You Think","543","143","8","0"
"The Mountain Is You","800","200","12","0"
"The Power of Vulnerability","833","183","13","0"
"A New Earth","806","206","12","0"
"Loving What Is","893","293","12","0"
"The Voice of Knowledge","526","126","8","0"
"The Mastery of Love","978","328","13","0"
"Your Erroneous Zones","1014","314","14","0"
"The Power of Intention","956","306","13","0"
"The Road Less Traveled","919","319","12","0"
"Man's Search for Ultimate Meaning","958","308","13","0"
"The Art of Happiness","880","280","12","0"
"Feel the Fear and Do It Anyway","635","135","10","0"
"The Power of Positive Thinking","929","279","13","0"
"The Surrender Experiment","522","122","8","0"
"The Untethered Soul","930","330","12","0"
"Braving the Wilderness","1004","304","14","0"
"Rising Strong","962","312","13","0"
"Big Magic","1018","368","13","0"
"The Life-Changing Magic of Tidying Up","998","348","13","0"
"Better Than Before","903","253","13","0"
"The Happiness Project","908","208","14","0"
"Unf*ck Yourself","916","316","12","0"
"Girl, Stop Apologizing","1004","304","14","0"
"Girl, Wash Your Face","1026","326","14","0"
"The 5 Second Rule","872","272","12","0"
"Purple Cow","850","200","13","0"
"Pre-Suasion","1021","321","14","0"
"Never Split the Difference","635","185","9","0"
"Pitch Anything","945","295","13","0"
"To Sell Is Human","964","314","13","0"
"The Sales Acceleration Formula","1046","346","14","0"
"Predictable Revenue","958","308","13","0"
"Contagious","951","301","13","0"
"Hooked","913","263","13","0"
"The Art of the Start 2.0","654","154","10","0"
"It Doesn't Have to Be Crazy at Work","997","347","13","0"
"Remote","913","313","12","0"
"Rework","1015","315","14","0"
"Delivering Happiness","941","341","12","0"
"The One Minute Manager","887","287","12","0"
"Playing to Win","919","269","13","0"
"The Innovator's Solution","1036","336","14","0"
"Creativity Inc","892","292","12","0"
"The Outsiders","531","131","8","0"
"Principles","661","161","10","0"
"Only the Paranoid Survive","524","124","8","0"
"The Effective Executive","993","293","14","0"
"Competitive Strategy","912","312","12","0"
"The Goal","515","115","8","0"
"Scaling Up","958","308","13","0"
"Traction","637","187","9","0"
"The Advantage","659","159","10","0"
"Good Strategy Bad Strategy","684","184","10","0"
"Winning","911","261","13","0"
"The Lean Six Sigma Pocket Toolbook","991","341","13","0"
"Algorithms to Live By","638","138","10","0"
"Weapons of Math Destruction","902","302","12","0"
"The Master Algorithm","939","289","13","0"
"The Singularity Is Near","973","273","14","0"
"Superintelligence","998","348","13","0"
"Life 3.0","533","133","8","0"
"The Second Machine Age","618","168","9","0"
"The Everything Store","1004","304","14","0"
"The Innovators","634","134","10","0"
"The Code Breaker","975","325","13","0"
"The Emperor of All Maladies","980","330","13","0"
"The Gene","709","209","10","0"
"The Demon-Haunted World","984","334","13","0"
"Cosmos","956","306","13","0"
"The Origin of Species","909","309","12","0"
"The Selfish Gene","936","336","12","0"
"A Brief History of Time","951","301","13","0"
"21 Lessons for the 21st Century","1044","394","13","0"
"Homo Deus","995","345","13","0"
"Sapiens","935","285","13","0"
"Alexander Hamilton","631","131","10","0"
"The Immortal Life of Henrietta Lacks","1024","324","14","0"
"Team of Rivals","977","277","14","0"
"John Adams","693","193","10","0"
"1776","943","293","13","0"
"The Wright Brothers","673","173","10","0"
"Wild","974","324","13","0"
"Into the Wild","935","335","12","0"
"Unbroken","887","287","12","0"
"The Diary of a Young Girl","1012","312","14","0"
"Born a Crime","970","370","12","0"
"Educated","680","180","10","0"
"Becoming","903","303","12","0"
"Long Walk to Freedom","911","311","12","0"
"The Autobiography of Benjamin Franklin","956","356","12","0"
"Elon Musk","1008","308","14","0"
"Leonardo da Vinci","952","302","13","0"
"Einstein","921","321","12","0"
"Steve Jobs","839","189","13","0"
"Shoe Dog","964","264","14","0"
"Peak","933","283","13","0"
"The Longevity Diet","957","307","13","0"
"Eat to Live","534","134","8","0"
"The Telomere Effect","963","313","13","0"
"Medical Medium","932","332","12","0"
"The Plant Paradox","946","296","13","0"
"The End of Alzheimer's","982","282","14","0"
"Brain Rules","578","178","8","0"
"The Ultra Mind Solution","917","267","13","0"
"Spark","990","290","14","0"
"The China Study","958","308","13","0"
"Born to Run","900","300","12","0"
"The 4-Hour Body","846","296","11","0"
"The Obesity Code","887","287","12","0"
"How Not to Die","893","293","12","0"
"Lifespan","853","203","13","0"
"Breath","909","309","12","0"
"The Body","1004","304","14","0"
"Why We Sleep","940","340","12","0"
"Black Box Thinking","627","127","10","0"
"Bounce","980","330","13","0"
"The Upside of Stress","942","292","13","0"
"The Willpower Instinct","629","129","10","0"
"The Righteous Mind","930","330","12","0"
"Made to Stick","931","331","12","0"
"Switch","960","310","13","0"
"The Social Animal","972","322","13","0"
"Stumbling on Happiness","591","191","8","0"
"The Happiness Hypothesis","634","134","10","0"
"Flow","939","289","13","0"
"The Body Keeps the Score","538","138","8","0"
"Quiet","513","113","8","0"
"Emotional Intelligence","886","286","12","0"
"The Tipping Point","940","340","12","0"
"Outliers","670","170","10","0"
"Blink","582","132","9","0"
"The Paradox of Choice","841","241","12","0"
"Predictably Irrational","992","292","14","0"
"Thinking, Fast and Slow","927","327","12","0"
"Quit Like a Millionaire","545","145","8","0"
"The Index Card","641","141","10","0"
"Financial Freedom","941","341","12","0"
"The Barefoot Investor","917","267","13","0"
"The Simple Path to Wealth","954","304","13","0"
"Broke Millennial","1020","320","14","0"
"The Little Book of Common Sense Investing","993","293","14","0"
"A Random Walk Down Wall Street","1006","306","14","0"
"The Psychology of Money","884","284","12","0"
"Unshakeable","571","171","8","0"
"Money Master the Game","536","136","8","0"
"The Automatic Millionaire","898","198","14","0"
"Your Money or Your Life","639","139","10","0"
"I Will Teach You to Be Rich","973","323","13","0"
"The Total Money Makeover","955","305","13","0"
"The Richest Man in Babylon","594","194","8","0"
"The Intelligent Investor","932","332","12","0"
"Think and Grow Rich","933","283","13","0"
"The Millionaire Next Door","620","120","10","0"
"Rich Dad Poor Dad","881","281","12","0"
"Drive","920","270","13","0"
"When","554","154","8","0"
"The Checklist Manifesto","961","361","12","0"
"Do the Work","986","336","13","0"
"The War of Art","880","230","13","0"
"So Good They Can't Ignore You","965","315","13","0"
"Digital Minimalism","988","288","14","0"
"Off the Clock","1026","376","13","0"
"168 Hours","550","150","8","0"
"Smarter Faster Better","904","304","12","0"
"The Power of Habit","919","319","12","0"
"Indistractable","943","293","13","0"
"Make Time","1006","356","13","0"
"The Productivity Project","849","199","13","0"
"Eat That Frog!","1027","327","14","0"
"The One Thing","968","318","13","0"
"Essentialism","630","130","10","0"
"The 4-Hour Workweek","634","134","10","0"
"Getting Things Done","1024","324","14","0"
"Deep Work","1002","352","13","0"
"The Compound Effect","1070","370","14","0"
"High Performance Habits","870","270","12","0"
"The 5 AM Club","873","273","12","0"
"Awaken the Giant Within","1025","325","14","0"
"The Magic of Thinking Big","949","299","13","0"
"The Miracle Morning","860","260","12","0"
"You Are a Badass","967","317","13","0"
"The Gifts of Imperfection","947","297","13","0"
"Daring Greatly","875","275","12","0"
"Grit","781","181","12","0"
"Mindset","864","264","12","0"
"The Alchemist","926","326","12","0"
"The Four Agreements","965","315","13","0"
"Can't Hurt Me","950","350","12","0"
"The Subtle Art of Not Giving a F*ck","1059","359","14","0"
"Man's Search for Meaning","945","345","12","0"
"The Power of Now","889","339","11","0"
"How to Win Friends and Influence People","889","339","11","0"
"The 7 Habits of Highly Effective People","860","260","12","0"
"Atomic Habits","918","318","12","0"
"The Culture Code","974","324","13","0"
"Measure What Matters","962","312","13","0"
"Crucial Conversations","874","274","12","0"
"The Five Dysfunctions of a Team","532","132","8","0"
"Extreme Ownership","904","304","12","0"
"Dare to Lead","840","190","13","0"
"The Infinite Game","1032","332","14","0"
"Leaders Eat Last","976","326","13","0"
"Start with Why","973","323","13","0"
"Influence","998","348","13","0"
"The 22 Immutable Laws of Marketing","1112","312","16","0"
"Crossing the Chasm","947","297","13","0"
"The E-Myth Revisited","1048","348","14","0"
"Blue Ocean Strategy","1016","316","14","0"
"The Innovator's Dilemma","981","281","14","0"
"The Hard Thing About Hard Things","940","290","13","0"
"Zero to One","527","127","8","0"
"The Lean Startup","991","341","13","0"
"Built to Last","1032","332","14","0"
"Good to Great","967","317","13","0"
