"id","title","totalWords","summaryWords","insightsWords","chaptersWords","actionItemsWords","quotesWords"
"22474d34-6d8c-431e-abb6-99dfea441b1e","The Greatness Guide","661","130","255","215","24","37"
"1cdcab8a-217c-4fb0-b939-89a190671f14","Shoe Dog","666","113","220","238","50","45"
"3e378e3d-2ef5-4226-ab0a-ed9d74921728","Quiet","667","112","243","209","45","58"
"3bf3ab05-2c4c-4deb-99f6-a6d66ce2fc04","The Essays of Warren Buffett","673","122","238","203","61","49"
"4103d31a-da99-4131-a60e-cbbdfa856f98","The Five Dysfunctions of a Team","692","131","261","226","46","28"
"2273e973-2fc7-4c38-bddc-6f7754cf6600","Only the Paranoid Survive","705","123","253","253","42","34"
"39757c73-4141-478a-aad9-67cfb0fb5f3c","The Surrender Experiment","718","121","238","253","51","55"
"1d374d6a-ac30-470d-9a45-b1ae0e451637","Perennial Seller","719","127","267","226","60","39"
"7e847c67-ebf1-4513-8cad-4202ef768692","The Goal","738","114","260","239","69","56"
"1d99ccc9-72d3-4fa1-8400-ed898b5cfd6c","High Performance Habits","741","117","292","242","49","41"
"646c74f3-9761-4b74-a977-c3184bdfcd28","Money Master the Game","759","135","284","235","45","60"
"534e9c1c-d0b4-478d-aab8-a1cd1ba5e71b","The Warmth of Other Suns","759","139","265","256","39","60"
"7e93e919-b974-41ae-a7d1-7f9dd91b8769","Black Box Thinking","762","126","237","300","56","43"
"2f05f52c-274a-4892-bb69-a2fedf00d528","101 Essays That Will Change The Way You Think","763","142","234","279","61","47"
"232c310e-e16b-4caf-9136-31c5640e12c7","Life 3.0","763","132","218","293","56","64"
"31cba18f-ba14-4713-8e57-2d4d5c3b106b","The Advantage","775","157","258","270","43","47"
"3b2143ac-0116-4c5e-b08e-f37c8b97f37c","Who Moved My Cheese?","776","200","237","266","24","49"
"8e97389c-b412-4676-8289-ee3fe7d08b8e","Eat to Live","777","133","257","235","75","77"
"36f4b0fd-253a-4417-aac6-5b3ad2fc7aee","The Body Keeps the Score","780","137","233","315","48","47"
"215feb79-3474-4721-9b46-fbb69d2cad3a","Stamped from the Beginning","782","165","211","291","55","60"
"351d8db4-89a3-47fc-b23c-dfbdb8a27c8d","Start Small, Stay Small","783","214","266","198","61","44"
"616d75f1-5e5a-446c-a355-969a55fd5eaf","After You","785","126","262","278","50","69"
"432c0201-22ed-4bcc-bd07-869e6268eb69","When","787","153","259","273","53","49"
"33782766-4bbc-46a8-ad0c-86fb8e021042","Essentialism","795","129","339","210","60","57"
"63c1b380-ea63-4173-9fec-b99b8dbaa02a","The Millionaire Next Door","796","119","278","305","56","38"
"430cf192-0b14-4c01-aebb-074971f7210a","'Tis","803","162","292","262","51","36"
"2403d0f2-dc15-47fe-8424-8a6ad8ba42e5","168 Hours","804","149","271","292","54","38"
"2e02c869-8c1c-4a32-82f2-04451235aa90","The Warren Buffett Way","805","126","303","259","63","54"
"29f6ee58-9b5c-4b04-9bd8-0d2fd86ec68a","Brain Rules","807","176","237","294","53","47"
"322794d9-a394-4e14-a045-27a63eca768f","Loving Kindness","811","116","229","349","64","53"
"1d9c9e4f-e392-4ef2-b0bc-580a6e52efbf","The Voice of Knowledge","813","125","308","264","71","45"
"3680cae0-a408-4708-8863-b0dc87d43da4","Full Catastrophe Living","820","165","269","295","33","58"
"4fd86172-8fd6-42c4-b828-6249ded0da71","How to Win at the Sport of Business","824","175","310","230","58","51"
"8eb27f85-7b10-4252-9fec-480777f72982","The Willpower Instinct","825","128","306","313","42","36"
"753f5478-1bb9-45fa-86bb-3d600d7a62c9","Alexander Hamilton","830","130","274","304","67","55"
"4691ed53-7181-4c43-b3be-05f7a56a8c07","The Heart of the Buddha's Teaching","832","142","240","325","63","62"
"482f151c-2232-4ab4-aabc-272385d1e087","Reminiscences of a Stock Operator","833","186","255","276","65","51"
"25d6c1d9-72fb-4967-bfd5-f4bf3f50e33e","Caste","834","141","259","316","55","63"
"271ecd52-0897-493d-aa63-aeacf0e67e55","Unscripted","842","139","339","278","51","35"
"2e958ad7-6b4e-41f6-b311-5a20b42eee25","Teacher Man","845","203","276","262","55","49"
"4facf049-b574-4312-b4b9-6f610fb19d2a","Gung Ho!","846","134","288","358","31","35"
"7342ca38-c04a-4a84-8f4d-34c0d4fd21ad","Unshakeable","847","169","304","300","30","44"
"34cea33b-8daf-46ed-b71d-282ca518f1a2","The Rosie Project","849","188","266","311","51","33"
"1bad4565-61cf-4496-91fb-4334d68c8d10","Your Erroneous Zones","854","131","260","325","47","91"
"33b6a8c7-f77c-4976-8585-5780ecb7026e","Meditation for Fidgety Skeptics","855","209","226","276","71","73"
"436e8f89-03f3-4422-9128-d0ca11146067","The Way of the Superior Man","857","149","305","284","68","51"
"7303f328-7182-4fb8-87b5-1534669e1c96","Quit Like a Millionaire","860","144","244","309","89","74"
"33f67bd5-c8b2-41f0-8561-5115636cf369","Think Again","860","142","290","287","92","49"
"2043c5be-f1a1-4380-8d41-b4092fb50bd2","The Traveler's Gift","861","177","340","238","62","44"
"3f918f4c-3a5d-406b-9b41-1ca179b99866","First Things First","862","130","260","350","61","61"
"3eda3c39-3f15-4ad3-a177-44e94f8aedc7","No-Drama Discipline","864","163","322","298","42","39"
"3023547a-1a53-422a-acb7-7e98ce792cb8","The Innovators","864","133","328","317","38","48"
"693277c1-7add-44b9-9c0b-f131d974cff6","You Are the Placebo","867","159","207","402","49","50"
"43b9d774-28d2-4025-97ba-9bc25059460b","Feel the Fear and Do It Anyway","867","134","301","303","85","44"
"39cd18da-3a0f-4372-893d-248efd582639","The Happiness Hypothesis","871","133","333","325","46","34"
"3a76bfe9-a65d-4108-9d8b-8c8855c09bef","The Man Who Mistook His Wife for a Hat","874","144","237","395","44","54"
"2031954c-6fd1-434d-a232-8ab6c8f11ed4","Blink","877","131","343","306","41","56"
"571baa7f-939f-4447-9264-ed7bdb9b8fb2","The Richest Man in Babylon","880","192","298","289","51","50"
"360155d5-9cc4-413a-b23a-d91e8b7c7151","Between the World and Me","881","139","350","273","62","57"
"8e823262-3ad0-4e1c-a11d-13877746b951","Faith","886","137","261","382","42","64"
"361edfc3-88cd-418c-ac45-f83fbbcf52d8","The Third Chimpanzee","887","199","261","325","69","33"
"4d22ca1d-8114-4911-aefe-0110b8c439af","Sprint","890","194","289","312","58","37"
"4859f4ea-6a6f-44c3-b7d7-5dbab316d84a","The Speed of Trust","891","178","275","351","53","34"
"781797bf-94d0-40cc-9adf-9dc371485d28","Principles","891","159","351","295","56","30"
"7890bf5d-debc-4dae-8a12-dd37835535eb","The Art of the Start 2.0","897","153","351","313","42","38"
"3f70be22-f44f-4ce3-86a3-331766041027","Educated","899","178","261","366","49","45"
"7d35523a-3821-4bc8-a097-9a25988daea6","Traction","900","185","268","380","31","36"
"82d919db-214a-417a-8d52-1f9a4c9e9f97","Buffett","906","191","338","275","51","51"
"2e6a3240-23f3-4dc6-9a9c-e9ef837432cb","The Tell-Tale Brain","907","199","245","296","71","96"
"46ec3b97-4633-49d1-8c8c-fc1c2a40f701","Change Your Thinking, Change Your Life","907","152","265","363","80","47"
"53377d40-75f2-452e-91fe-ca6d799c24ed","Your Money or Your Life","908","138","303","322","84","61"
"3445f6d6-6518-4170-bbd7-d35645bf8540","Getting Results the Agile Way","918","176","278","383","48","33"
"3239f852-5186-4c48-964f-279e87382823","The Four Tendencies","920","176","298","332","66","48"
"870ea4d7-02d5-4466-99d2-26aa6fab0653","Against the Gods","920","127","333","340","70","50"
"3bfea645-c508-487d-9a75-184d82f0a4b4","Never Split the Difference","921","183","341","272","71","54"
"82050fc4-ef99-4e0a-8dc3-bd5b51d3f933","The Second Machine Age","923","166","291","324","68","74"
"361d6583-f6fe-4707-905b-006b8bb08ebe","The Art of Living","924","196","249","359","60","60"
"3ef8a6b1-9b17-4d16-ab8d-890f8963aa3f","Stumbling on Happiness","938","189","300","287","81","81"
"1acab521-4d6f-432b-af4b-515aaa053612","The Compound Effect","944","129","343","346","58","68"
"3e530e5e-1ae3-4713-8e54-76fcc3255f4a","The Bogleheads' Guide to Investing","944","125","385","322","68","44"
"375ab9be-e41d-4465-934b-4acac688ee54","Good Strategy Bad Strategy","950","182","317","293","87","71"
"2f69e8a1-eef2-4aeb-be85-597d72e5584c","The Buddha and the Badass","954","149","334","373","56","42"
"70143ed0-a569-4981-993c-d144a75e3709","The 4-Hour Workweek","955","133","302","384","80","56"
"462197e0-1d2d-41ba-b653-9200ad5edbfe","Breaking The Habit of Being Yourself","962","211","311","275","84","81"
"4c717eea-51d8-458a-9180-20de806e325c","The Gifts of Imperfect Parenting","970","127","371","322","91","59"
"53037ee0-7f31-4820-a3f5-850c91b902b6","The Four Winds","978","187","323","353","79","36"
"41b89517-b53b-4806-89bc-5f14da513b07","Outliers","993","168","362","286","82","95"
"2443af34-3b16-4e70-b6c6-4876eb8a2791","The Gene","997","207","380","293","63","54"
"3165d8be-7071-4333-8289-b8fdc99be523","A Short History of Nearly Everything","1000","191","298","407","53","51"
"22f46072-5dce-48bc-8afc-a60fbc15a84b","The Wright Brothers","1018","171","350","381","63","53"
"57c39329-fbf6-4b49-86fd-d0ae235e3278","Developing the Leader Within You","1019","144","319","466","34","56"
"3619dead-02be-4db7-9452-28fa20cb2c13","Market Wizards","1035","205","299","365","90","76"
"371d682b-f556-4902-806f-43002948b0e3","The Art of Work","1043","135","344","438","86","40"
"1ccf4df0-0656-42b7-a775-9450a5135f38","You Are Here","1070","175","286","488","61","60"
"25898cbb-bedf-4eed-af34-ab1e0bd4984f","Algorithms to Live By","1080","137","377","392","103","71"
"45c00c7b-8e42-45fc-8e06-fc264a9ef190","Being Peace","1084","188","295","484","54","63"
"44bb64a2-9cae-4a57-ac16-cb79d9913cba","True Refuge","1118","174","279","495","88","82"
"5ba8bc65-df0a-467b-a3f9-ee5614010e25","Grit","1517","180","544","695","53","45"
"677a9d17-5574-4988-8d42-c3b531c65fd4","The 5 AM Club","1649","270","588","688","54","49"
"6f3a0e0e-dbff-4ac2-b279-3236db0e1a4e","The Productivity Project","1717","198","585","847","46","41"
"d2a7a299-8203-41d6-8a75-faf198df58c5",,,,,,,
"c1295e8f-80ab-4f2f-8269-e8bd29c6c9c9",,,,,,,
"d5e0b630-5486-42f7-b3d1-0b28bea38b69",,,,,,,
"d7e8812b-d0ca-498c-9f89-2c0665200a1a",,,,,,,
"d601a943-f566-4d13-8c53-bd227f69d1e2",,,,,,,
"c0990a8c-0b15-4c86-a10b-b9c819e98eb7",,,,,,,
"9af3e84e-33ae-4730-93ff-30518d3058e9",,,,,,,
"99319a9a-d658-4b3e-a9e5-bf3d8246d85a",,,,,,,
"ad4c4d5c-7851-4d20-8e24-39b54dff36c6",,,,,,,
"b4a02dc4-cc54-4cc7-9a87-7e24b3a10c29",,,,,,,
"b435c378-abd3-4912-a4bc-bf37a7a3ce9d",,,,,,,
