"id","title","language","isPremium","summaryWords","insightsWords","chaptersWords","actionItemsWords","quotesWords","totalWords"
"6c8e5031-1c55-4bdd-8c11-ae5338f374c7","The Giver of Stars","en","1","318","733","1268","88","59","2466"
"616d75f1-5e5a-446c-a355-969a55fd5eaf","After You","en","0","127","323","359","61","75","945"
"cbadb69c-3003-44c9-8144-21632f06a9ce","Still Me","en","0","342","572","1115","74","64","2167"
"a75a2a64-677b-48e6-be32-f425795cb2b0","Me Before You","en","0","341","756","940","66","49","2152"
"c9bfb0e6-0adf-4c0b-8cea-0946b7b3c620","The Rosie Result","en","1","289","773","850","66","46","2024"
"fa29ee66-91cc-4050-8e52-e56fd148c7af","The Rosie Effect","en","1","293","754","833","75","36","1991"
"34cea33b-8daf-46ed-b71d-282ca518f1a2","The Rosie Project","en","0","190","327","392","62","42","1013"
"779ce111-7597-468f-96df-b1ad73eeee1e","Eleanor Oliphant Is Completely Fine","en","0","314","561","938","90","59","1962"
"a87e52db-72c6-4f70-95a7-f825b8369681","Where the Crawdads Sing","en","0","320","727","1005","53","65","2170"
"53037ee0-7f31-4820-a3f5-850c91b902b6","The Four Winds","en","0","189","384","434","89","42","1138"
"c512cb07-67c6-4473-8964-4b92170e2aa4","The Great Alone","en","0","326","686","1279","118","91","2500"
"dad97269-97d7-44db-b34f-bb6884daee93","The Nightingale","en","0","289","612","868","75","53","1897"
"b46b0b2c-0a6b-4cfd-8ae1-74468177f5e5","All the Light We Cannot See","en","0","356","758","1022","120","81","2337"
"03258865-4d25-43a8-b802-a9d4d1699523","The Book Thief","en","0","334","911","1382","95","110","2832"
"5c815617-67a0-40d8-a685-a7b01174df8e","And the Mountains Echoed","en","1","324","701","1142","69","62","2298"
"4c18b4f5-59e4-4aa8-92ea-0577429b2aa2","A Thousand Splendid Suns","en","0","324","778","972","77","51","2202"
"57d293e2-7dba-42ab-970b-3e62316548ac","The Kite Runner","en","0","329","695","1024","98","92","2238"
"765a387a-5351-46a6-a3fe-3d7e7d90fd5a","Room","en","0","321","897","943","94","62","2317"
"a0901953-758b-4873-9054-855b7fd9f601","The Curious Incident of the Dog in the Night-Time","en","1","372","760","948","55","57","2192"
"52b4ce74-4a94-40f4-9084-0bddf3bb562e","The Art of Racing in the Rain","en","0","283","649","1073","80","39","2124"
"65cc8c67-61a3-4877-81b8-2ff2ba822c62","Britt-Marie Was Here","en","1","276","569","798","64","71","1778"
"55b85f40-c678-44e5-9659-79b43ca4d5f8","Us Against You","en","1","301","809","880","63","77","2130"
"99319a9a-d658-4b3e-a9e5-bf3d8246d85a","Beartown","en","0","193","341","405","45","44","1028"
"bbd0f66c-1caf-48b5-865d-5d884a93ab80","My Grandmother Asked Me to Tell You She's Sorry","en","1","227","731","1003","60","48","2069"
"80868b82-a53d-43b2-8597-769676ce37ad","A Man Called Ove","en","1","306","655","1074","82","93","2210"
"2e958ad7-6b4e-41f6-b311-5a20b42eee25","Teacher Man","en","1","205","325","327","64","55","976"
"430cf192-0b14-4c01-aebb-074971f7210a","'Tis","en","1","164","353","343","61","42","963"
"65598505-6f29-4019-8a24-aab90ecc4616","Angela's Ashes","en","1","355","647","1122","109","70","2303"
"d77e67e2-577b-4f0e-8207-54ac2bf3129f","The Glass Castle","en","0","368","715","1079","69","53","2284"
"c57ab944-8d74-45c2-8641-c39fd0451c98","I Know Why the Caged Bird Sings","en","1","294","658","761","64","75","1852"
"080ffd1b-f0a7-4c32-8659-f97e349ae5d4","The Autobiography of Malcolm X","en","0","357","876","1301","56","75","2665"
"d2a7a299-8203-41d6-8a75-faf198df58c5","Just Mercy","en","0","132","307","294","50","71","854"
"148dad7f-6b75-42c9-900c-cebee8bad6cf","The New Jim Crow","en","0","328","743","1148","89","76","2384"
"360155d5-9cc4-413a-b23a-d91e8b7c7151","Between the World and Me","en","1","140","411","338","72","63","1024"
"8bad2935-5bb3-4054-98ed-1a6ea2051e3c","So You Want to Talk About Race","en","1","299","731","945","60","79","2114"
"56bacf57-2dc9-4680-8c4f-f6ce24141f15","White Fragility","en","0","333","819","1087","62","64","2365"
"82e0c4cf-2818-4d03-80d6-2aaea6e81032","How to Be an Antiracist","en","1","197","354","420","68","56","1095"
"215feb79-3474-4721-9b46-fbb69d2cad3a","Stamped from the Beginning","en","0","166","260","356","64","66","912"
"b1bea620-0225-467d-b1f2-4123534fdf25","The Color of Law","en","0","340","658","988","76","64","2126"
"25d6c1d9-72fb-4967-bfd5-f4bf3f50e33e","Caste","en","0","142","308","381","64","69","964"
"534e9c1c-d0b4-478d-aab8-a1cd1ba5e71b","The Warmth of Other Suns","en","0","140","314","321","47","66","888"
"e84ec8cb-dafa-4fcf-8f39-71388868cedd","The Sixth Extinction","en","0","341","738","848","79","84","2090"
"671e113e-1dfa-41ad-bccc-047d7ceaa593","The Story of the Human Body","en","1","131","303","371","60","69","934"
"bf5cf847-1283-40be-ad78-f0d2d8814cfb","One Summer","en","1","323","636","1035","79","99","2172"
"23fefd1f-cee3-4e87-a5d0-c05209a29ea4","At Home","en","0","148","353","342","61","35","939"
"3165d8be-7071-4333-8289-b8fdc99be523","A Short History of Nearly Everything","en","0","193","353","472","63","57","1138"
"361edfc3-88cd-418c-ac45-f83fbbcf52d8","The Third Chimpanzee","en","0","201","310","390","79","39","1019"
"2771bc2b-706b-4123-9d68-5b0adbb81e88","Collapse","en","0","121","274","328","64","59","846"
"fa084ed0-393d-4d9e-bc85-5a0d252f0e4b","Guns, Germs, and Steel","en","0","189","680","869","80","80","1898"
"71130cbb-12c6-4f3d-b4ef-7754630df494","The Little Book of Lykke","en","0","354","790","1275","56","61","2536"
"58a328fd-20b8-491b-ac33-67b16b9c10e3","The Little Book of Hygge","en","1","304","620","903","47","98","1972"
"f827b70a-2fce-4154-8f43-cb488ae56fe7","How to Walk","en","1","330","738","1004","53","41","2166"
"8a802339-687d-44ed-9502-12d69e344abc","How to Sit","en","1","295","770","1046","83","72","2266"
"d290a71e-e0ac-4c03-abf9-72cf41fb75eb","How to Relax","en","0","338","664","997","87","44","2130"
"e6651796-6b67-4a8b-8d78-045a2712e425","How to Love","en","0","300","728","1151","65","81","2325"
"1ccf4df0-0656-42b7-a775-9450a5135f38","You Are Here","en","1","177","347","569","72","66","1231"
"361d6583-f6fe-4707-905b-006b8bb08ebe","The Art of Living","en","0","198","298","424","68","66","1054"
"16c13f25-c79e-48b0-bbc0-0a80042db2ef","No Mud, No Lotus","en","0","333","824","1386","85","76","2704"
"4691ed53-7181-4c43-b3be-05f7a56a8c07","The Heart of the Buddha's Teaching","en","0","143","289","390","72","68","962"
"45c00c7b-8e42-45fc-8e06-fc264a9ef190","Being Peace","en","0","190","356","565","64","69","1244"
"a358fc65-1c28-44b0-b4d6-a9c225fc5d3b","The Miracle of Mindfulness","en","0","318","624","1210","64","128","2344"
"8cd0a92c-9ad3-43ed-aa1e-2244697e6d6f","Peace Is Every Step","en","1","261","702","962","60","67","2052"
"04050e3f-c685-4b33-b539-f22db91e78fc","The Way to Love","en","0","306","1023","1431","58","37","2855"
"09a90c2a-b15c-4ac1-9cb4-a98ada24d82a","Awareness","en","0","368","911","1198","52","43","2572"
"e21f2486-6c92-4ab0-9ab9-7fe484861e87","The Practicing Mind","en","0","319","773","1112","66","61","2331"
"df9918d3-b9f0-4c90-8da3-2b1014021ff3","Waking Up","en","0","313","773","932","52","47","2117"
"33b6a8c7-f77c-4976-8585-5780ecb7026e","Meditation for Fidgety Skeptics","en","0","211","275","341","80","79","986"
"af1a8de1-5f57-4047-9477-2492a9497599","10% Happier","en","0","322","632","896","60","87","1997"
"8e823262-3ad0-4e1c-a11d-13877746b951","Faith","en","1","138","316","455","52","73","1034"
"87a66bbd-8e1b-4964-adf5-bd479b57643f","Real Happiness","en","0","290","676","868","40","91","1965"
"322794d9-a394-4e14-a045-27a63eca768f","Loving Kindness","en","0","117","278","414","73","59","941"
"89d8058d-9f6f-40cc-b0b1-c390fefd773d","Start Where You Are","en","0","290","643","1405","49","119","2506"
"b7e17817-2e4b-4e80-9456-09f73a7d0c4f","The Wisdom of No Escape","en","0","191","626","1153","104","104","2178"
"f97b5afa-9693-4237-bd1b-1522e7ba2d3a","When Things Fall Apart","en","0","347","682","812","117","118","2076"
"f56d259f-f4cb-4496-92b4-3728c91d9ac9","The Places That Scare You","en","0","293","654","916","80","75","2018"
"44bb64a2-9cae-4a57-ac16-cb79d9913cba","True Refuge","en","1","176","340","576","99","88","1279"
"f296294c-df19-444c-8c1d-6da599125369","Radical Acceptance","en","0","292","711","963","47","87","2100"
"3680cae0-a408-4708-8863-b0dc87d43da4","Full Catastrophe Living","en","1","167","324","360","42","64","957"
"50dd1d27-f4f2-44e6-bec1-207755283172","Wherever You Go, There You Are","en","0","331","700","1037","93","108","2269"
"5d8ca813-5992-4be1-a074-8dce8098a4de","The Book of Joy","en","0","300","762","997","52","112","2223"
"12f88763-f448-427d-b42d-150a6eb2465f","The Seven Spiritual Laws of Success","en","0","343","617","1184","55","113","2312"
"ac508116-d71a-42de-bef7-11c83eaaee78","Conversations with God","en","0","342","664","962","91","89","2148"
"c1295e8f-80ab-4f2f-8269-e8bd29c6c9c9","Many Lives, Many Masters","en","1","146","302","366","80","48","942"
"a3edbd86-5ab1-451a-9658-0c32da5290d6","The Honeymoon Effect","en","0","317","651","969","97","64","2098"
"15234956-3f6e-4ba4-b1be-2e4aa6e9413d","The Biology of Belief","en","0","311","632","814","77","58","1892"
"693277c1-7add-44b9-9c0b-f131d974cff6","You Are the Placebo","en","0","160","256","499","59","59","1033"
"c49ae815-e687-4ea3-a9da-a1ff680870ea","Becoming Supernatural","en","1","354","661","970","45","43","2073"
"462197e0-1d2d-41ba-b653-9200ad5edbfe","Breaking The Habit of Being Yourself","en","0","213","372","340","94","90","1109"
"2f69e8a1-eef2-4aeb-be85-597d72e5584c","The Buddha and the Badass","en","0","150","395","454","67","48","1114"
"6bcefc6c-3b60-4767-b70c-f5065d9e9589","The Code of the Extraordinary Mind","en","0","311","777","1163","65","73","2389"
"77b2b857-27fc-4e83-a484-1ae0ffcd2605","The Slight Edge","en","1","349","687","820","77","62","1995"
"ba896f73-9c89-4dbd-96a1-c4ec1594d323","The Noticer","en","0","336","808","1130","59","53","2386"
"2043c5be-f1a1-4380-8d41-b4092fb50bd2","The Traveler's Gift","en","1","179","389","303","71","50","992"
"55a134bc-d635-4d59-b245-79239f7789ba","The Art of Possibility","en","0","296","766","1283","63","47","2455"
"436e8f89-03f3-4422-9128-d0ca11146067","The Way of the Superior Man","en","0","150","366","365","78","57","1016"
"46ec3b97-4633-49d1-8c8c-fc1c2a40f701","Change Your Thinking, Change Your Life","en","0","153","326","444","90","53","1066"
"f070c67c-5103-49dc-a7cb-8ac97a39bbb1","The Psychology of Selling","en","0","311","642","1168","50","66","2237"
"c4512658-2dce-41ec-9328-62ed28dcdb12","Goals!","en","0","274","658","1004","75","56","2067"
"b89267f3-9314-4795-b866-3e4cd3957f25","No Excuses!","en","0","293","873","1258","58","89","2571"
"8bb2f196-82e3-4138-a20f-95c63a4c578b","Maximum Achievement","en","0","319","696","1282","67","68","2432"
"dfe39378-fd0c-4bb6-b1fc-55ce007fb058","The Aladdin Factor","en","0","339","776","788","74","56","2033"
"906fd638-7908-4f48-a2b5-3c0fd4c04e3f","The Success Principles","en","0","332","740","1373","107","59","2611"
"f5ddb5f5-37fb-4cd4-b62f-9900b50fe2f1","Outwitting the Devil","en","0","337","718","955","38","49","2097"
"0be6babc-c0e6-4b3d-a0db-f71758575c41","The Science of Getting Rich","en","0","335","994","1646","103","49","3127"
"a449b7b6-3e69-4991-92ca-71a394a4d132","As a Man Thinketh","en","1","318","672","946","65","75","2076"
"4fd86172-8fd6-42c4-b828-6249ded0da71","How to Win at the Sport of Business","en","1","177","359","295","67","57","955"
"5dbbf038-46da-4296-ae56-b89a84ef81a1","The Laws of Human Nature","en","1","282","597","1159","68","63","2169"
"76d3608b-88af-44d0-903c-852ff25ee031","Mastery","en","0","304","674","1173","67","61","2279"
"7f079028-4b0f-4942-b964-01eeb909e2d5","The 50th Law","en","1","298","731","1209","116","63","2417"
"5415fc1e-fc9f-48c3-9959-94ed3f570456","The Art of Seduction","en","1","306","693","915","52","28","1994"
"6d810bca-89bd-41c6-b087-1a45fdf690cd","The 33 Strategies of War","en","0","312","621","907","96","51","1987"
"f128754e-a884-4224-a971-fb5aafb3d051","The 48 Laws of Power","en","1","334","702","1050","81","26","2193"
"5e262075-eec1-4c96-948d-71a7b8c5c7c4","The Artist's Journey","en","1","339","673","1119","55","60","2246"
"bba60b1e-f1c7-40f1-8e09-a7e6953b1480","Turning Pro","en","0","224","656","836","59","89","1864"
"bbaada87-9735-4e33-8cae-0dffd48ce5de","Hero","en","0","290","691","837","78","78","1974"
"a1e374bd-9d8e-476b-97ae-422ade66a76b","The Magic","en","0","301","694","1011","96","57","2159"
"b6fc4a11-4ecb-44fd-a5ec-c67d795608f1","The Power","en","0","317","797","1213","44","67","2438"
"aafae8ca-66fd-4159-83d2-46d46ae364bf","The Secret","en","0","311","664","890","62","94","2021"
"22474d34-6d8c-431e-abb6-99dfea441b1e","The Greatness Guide","en","1","131","304","280","33","43","791"
"a2daf50c-ab68-4bd7-a260-dbbc4af1f2f3","Who Will Cry When You Die?","en","0","354","708","988","109","109","2268"
"f52d484c-49bb-4415-bd58-18dd6dd35222","The Leader Who Had No Title","en","0","305","755","927","55","47","2089"
"18546221-b963-4b5e-9879-18b4ba65e3ae","The Monk Who Sold His Ferrari","en","0","288","697","671","61","56","1773"
"9af3e84e-33ae-4730-93ff-30518d3058e9","The Small Big","en","1","131","289","400","76","45","941"
"6be0877f-43eb-4782-8030-56135de40107","Yes!","en","0","286","723","1140","79","31","2259"
"dd70d0d8-9016-446d-bfc5-04c63d1d92e7","Peaks and Valleys","en","0","200","732","1125","85","41","2183"
"e64c508b-f5f6-4be0-a776-1f1d07e84db6","The Present","en","1","313","679","979","62","68","2101"
"3b2143ac-0116-4c5e-b08e-f37c8b97f37c","Who Moved My Cheese?","en","0","202","292","323","33","55","905"
"4facf049-b574-4312-b4b9-6f610fb19d2a","Gung Ho!","en","0","135","349","439","42","41","1006"
"916a2fde-90e5-4a05-90fb-6ac9aad9f043","Raving Fans","en","0","277","719","986","50","40","2072"
"9cf94ac9-91f0-4d88-acd1-787788d5a953","The New One Minute Manager","en","1","322","686","925","60","40","2033"
"cdd862b4-6956-4430-bf1f-f25df8bab67d","Surge","en","1","299","644","1043","84","55","2125"
"0cfe3f3e-8921-467e-85e6-d5492749eb53","Pumpkin Plan","en","1","316","1016","1443","45","61","2881"
"1972ed08-2fdb-4d8a-8cd7-3b73594fe92c","Clockwork","en","0","276","697","889","69","54","1985"
"0f49e4ba-72e2-4991-98e6-71f9e20c819b","Profit First","en","1","375","1103","1104","86","45","2713"
"885ee20a-84e2-43c6-b151-d1ea4cd032c8","The Automatic Customer","en","0","165","747","935","83","88","2018"
"ac848729-e4fa-4903-a3cd-4e512a8af631","Built to Sell","en","0","218","681","1038","107","71","2115"
"2ad5ab0d-0a7e-4286-a296-5c2b856d5ee3","The Unfair Advantage","en","1","177","381","536","72","64","1230"
"66d8cb49-1ac9-485c-964d-182f1823a717","Play Bigger","en","0","195","779","696","62","53","1785"
"a0563e16-79d3-4ef7-93ba-8bbe2edd6865","Lost and Founder","en","0","325","716","1063","87","84","2275"
"cd6c8305-8c9d-4dc4-824c-ef788c33c57e","The Future Is Faster Than You Think","en","0","320","692","1108","70","68","2258"
"c5389c80-3576-4c86-8a6a-92151180fd33","Abundance","en","0","329","738","1445","83","88","2683"
"504101de-85f1-4048-9d8a-2f36cc85125c","Bold","en","1","338","727","1180","62","67","2374"
"a4cbf71e-5cfe-40da-9134-095154f40332","The Thank You Economy","en","0","295","635","908","50","48","1936"
"e297f83c-5e13-41b3-8f7d-fc94d0a66b6c","#AskGaryVee","en","1","302","707","956","71","45","2081"
"689a50a0-2ed9-4c7b-a24d-745d80787939","Jab, Jab, Jab, Right Hook","en","0","306","792","872","73","51","2094"
"48ad8c89-0f76-4dd9-9362-9bf09560b2b2","Crushing It!","en","0","327","753","817","80","66","2043"
"70000c08-0c64-4068-ae07-59405a7cde51","Growth Hacker Marketing","en","0","312","749","1103","55","83","2302"
"ed40bd32-83fa-4523-91d8-f313240bb2c3","Trust Me I'm Lying","en","0","347","728","901","63","33","2072"
"1d374d6a-ac30-470d-9a45-b1ae0e451637","Perennial Seller","en","0","128","316","291","69","45","849"
"e88d062c-5506-4f0b-9845-bb70143cd6ab","Stillness Is the Key","en","1","305","745","1162","64","62","2338"
"034bc222-8f64-4ea1-936c-2bce54ab944c","Ego Is the Enemy","en","0","302","472","1348","78","80","2280"
"a85f9e7b-d038-4d84-b4e5-45e623bee663","The Obstacle Is the Way","en","1","343","749","1066","100","100","2358"
"33f67bd5-c8b2-41f0-8561-5115636cf369","Think Again","en","1","143","351","352","101","55","1002"
"fa7b6751-bb3b-408a-991d-e20e4d4064b6","Give and Take","en","0","341","820","1013","126","106","2406"
"18793d23-5224-486d-861c-c0aaea04cdcf","Originals","en","1","272","780","1216","62","80","2410"
"d36f9cc3-3bb0-43fc-b749-31f9a48439bc","The Power of Moments","en","0","222","816","662","62","52","1814"
"6b3affb3-71f1-4e78-b1b9-43f37492c280","Decisive","en","0","283","714","1114","63","75","2249"
"351d8db4-89a3-47fc-b23c-dfbdb8a27c8d","Start Small, Stay Small","en","1","216","315","263","70","50","914"
"cd12a8b4-f313-4ef0-86de-d57322ad7344","Company of One","en","1","287","650","732","51","70","1790"
"e7e5872c-eeca-4a17-aa23-27f8df94098d","The First 20 Hours","en","1","277","728","1128","86","65","2284"
"8bef5e79-a8fe-4ba8-b508-67bc40c578df","The Personal MBA","en","0","247","801","905","72","89","2114"
"67dcb5a6-7146-4f13-8420-0d056973d5d0","Traction","en","1","333","903","1036","56","56","2384"
"d7e8812b-d0ca-498c-9f89-2c0665200a1a","Expert Secrets","en","1","194","801","856","66","47","1964"
"db42ef9f-b7dd-45be-baa6-2df826373fe6","Dotcom Secrets","en","1","284","768","883","48","71","2054"
"271ecd52-0897-493d-aa63-aeacf0e67e55","Unscripted","en","1","140","400","351","61","41","993"
"97567cfb-f824-461e-b09c-ab4dad895514","The Millionaire Fastlane","en","0","190","707","928","74","53","1952"
"a1f83693-8b1b-4122-8c73-1aa2176ce07f","The $100 Startup","en","0","291","697","736","71","66","1861"
"dd8f628e-3792-4aab-9ad5-d1bdfa788833","Powerful","en","0","252","659","756","66","59","1792"
"74c32110-628a-4da3-a6cc-1bf3cc2586e1","Radical Candor","en","0","331","703","926","59","66","2085"
"e4292958-e51a-47d9-a4b7-e725d3f717a6","Death by Meeting","en","0","298","758","990","82","40","2168"
"499f3558-8b3e-4ab2-aba0-4a3e0181a774","The Ideal Team Player","en","0","269","713","1081","66","73","2202"
"8fda34b0-139e-4863-a2ed-09b058ff42f5","Multipliers","en","1","316","700","1002","56","64","2138"
"5b11326c-bbc0-4927-b2d7-48a6fd52fddd","The Leadership Challenge","en","0","351","953","1016","99","88","2507"
"73fe2baa-b49b-4d1b-966a-75204a0d3049","Primal Leadership","en","1","321","706","914","67","66","2074"
"4859f4ea-6a6f-44c3-b7d7-5dbab316d84a","The Speed of Trust","en","0","180","324","416","62","40","1022"
"fdcd376e-222d-4e6d-b67e-ec12fe4a3d29","Leadership Is Language","en","1","318","653","974","87","45","2077"
"7ac91b5c-6641-4147-81cc-81ffa41aa628","The Dichotomy of Leadership","en","1","337","800","723","69","89","2018"
"85a4282e-5892-424e-8726-7641ee41b8b8","Turn the Ship Around","en","0","322","595","977","96","80","2070"
"01b580a7-5e73-4369-a4c5-fe36a9288233","The Anatomy of Peace","en","0","374","1007","1546","59","72","3058"
"949693d2-515a-49c6-a85a-e49e53ecf940","Leadership and Self-Deception","en","1","304","739","1098","79","70","2290"
"57c39329-fbf6-4b49-86fd-d0ae235e3278","Developing the Leader Within You","en","0","145","380","547","44","62","1178"
"0c1907b9-a640-4cb5-88ad-37ae5de585d6","The 21 Irrefutable Laws of Leadership","en","0","328","961","1706","125","86","3206"
"870ea4d7-02d5-4466-99d2-26aa6fab0653","Against the Gods","en","0","128","394","421","80","56","1079"
"482f151c-2232-4ab4-aabc-272385d1e087","Reminiscences of a Stock Operator","en","0","188","304","341","73","57","963"
"3619dead-02be-4db7-9452-28fa20cb2c13","Market Wizards","en","0","207","360","446","101","82","1196"
"006d6f26-2829-4f8c-aaa0-e66ad69de651","The Snowball","en","0","307","1006","1267","71","106","2757"
"82d919db-214a-417a-8d52-1f9a4c9e9f97","Buffett","en","1","193","399","340","61","57","1050"
"2e02c869-8c1c-4a32-82f2-04451235aa90","The Warren Buffett Way","en","0","127","358","324","71","60","940"
"83a83dd8-ac3f-455d-ac62-1a1d8f4bed1a","Security Analysis","en","0","293","822","883","54","74","2126"
"65d199bb-c4d0-4470-9586-56e6842ee56b","Margin of Safety","en","0","306","878","1374","75","71","2704"
"d6c4f834-4ab8-442b-a4fd-a8e8ab6d218f","The Most Important Thing","en","1","325","776","928","66","47","2142"
"5630ec10-eac1-46cf-9424-fb076b681887","You Can Be a Stock Market Genius","en","0","334","774","1057","101","82","2348"
"e022630f-d50b-4d4b-81a7-d8a6168f415d","The Dhandho Investor","en","0","341","831","1195","58","45","2470"
"8af1e930-4a56-486e-a163-82afdb978425","A Wealth of Common Sense","en","0","298","696","1206","42","64","2306"
"6219994a-1209-4c4b-a660-4ab667c0de72","The Little Book of Behavioral Investing","en","0","313","687","899","67","50","2016"
"3e530e5e-1ae3-4713-8e54-76fcc3255f4a","The Bogleheads' Guide to Investing","en","0","126","446","403","79","50","1104"
"9ca02098-effa-412c-92c9-6d113a293864","The Little Book of Value Investing","en","1","317","874","932","151","71","2345"
"f0aec2e8-3fdc-438f-874a-1972dcbb48fe","Beating the Street","en","1","304","675","802","55","70","1906"
"020f329e-6e24-4f8f-8d20-33fdbba266fe","One Up On Wall Street","en","0","350","1116","1123","69","46","2704"
"80ca90d0-8f00-41b0-815a-119145dfdd08","Common Stocks and Uncommon Profits","en","0","268","679","1143","47","85","2222"
"3bf3ab05-2c4c-4deb-99f6-a6d66ce2fc04","The Essays of Warren Buffett","en","0","123","287","268","70","55","803"
"a76436a8-f4f1-40fa-b9f5-335d06a2584e","The Little Book That Still Beats the Market","en","0","321","708","986","63","73","2151"
"3eda3c39-3f15-4ad3-a177-44e94f8aedc7","No-Drama Discipline","en","1","165","377","371","52","45","1010"
"d2a72ba9-da9d-4aa7-8fe0-8ccd59f3d105","The Whole-Brain Child","en","1","318","640","1185","76","84","2303"
"4c717eea-51d8-458a-9180-20de806e325c","The Gifts of Imperfect Parenting","en","1","128","432","403","102","65","1130"
"61909159-a514-4e78-a2e7-22c38ae924a2","Lost Connections","en","0","310","727","898","76","67","2078"
"659417d7-89cd-41e7-8250-a508623e2165","Drunk Tank Pink","en","1","294","763","1114","100","58","2329"
"8ab0b255-7ed1-472d-bd6b-22778e38e043","Irresistible","en","0","283","686","997","84","98","2148"
"ba1de2d8-5cfa-49f9-a1e3-98607bc962f6","The Brain That Changes Itself","en","0","265","817","1133","55","62","2332"
"e1eaa6bd-b740-43c1-a165-61e321886499","Incognito","en","0","313","677","921","94","101","2106"
"06b02a76-3ef2-418b-a929-0731ad07f3cf","The Lucifer Effect","en","0","326","844","1130","96","121","2517"
"96dc3231-a924-441d-87fd-8d6abedae60c","The Interpretation of Dreams","en","1","317","722","881","35","70","2025"
"8d46bd04-0dd4-43e9-b580-fe6714e8d285","Redirect","en","0","318","596","640","67","57","1678"
"2e6a3240-23f3-4dc6-9a9c-e9ef837432cb","The Tell-Tale Brain","en","0","201","294","361","80","105","1041"
"0e1372f9-45d4-458c-95ba-3944e97dabe5","Awakenings","en","0","361","959","1378","103","100","2901"
"3a76bfe9-a65d-4108-9d8b-8c8855c09bef","The Man Who Mistook His Wife for a Hat","en","1","145","286","476","53","60","1020"
"cb18e89d-98f5-43a0-96bf-e5e2819cd78c","Behave","en","0","392","772","957","132","109","2362"
"7c2c22f3-dbbc-40eb-9960-12297e1e6958","The Undoing Project","en","0","345","765","1099","57","56","2322"
"fc71ec06-3387-4ec5-af80-533561115558","Thinking in Bets","en","0","282","588","1005","76","64","2015"
"ab109272-09ff-4cd4-92bb-cd2e6c8dff8d","Finish","en","1","288","607","1072","60","64","2091"
"9daf5ba5-3d53-4901-91cf-aebffd5a96e3","I Know How She Does It","en","0","317","721","923","103","70","2134"
"18587351-ff58-4bbb-89ba-2e7c0560fdb5","The 5 Choices","en","0","291","803","988","50","82","2214"
"49b9c089-1a07-4b14-bd00-9b82ceeb022f","The Bullet Journal Method","en","1","282","689","1213","76","41","2301"
"bcf320b0-3052-44a8-ba02-c162086de10c","Scrum","en","1","333","774","1045","65","50","2267"
"4d22ca1d-8114-4911-aefe-0110b8c439af","Sprint","en","1","196","350","377","67","43","1033"
"c0990a8c-0b15-4c86-a10b-b9c819e98eb7","Extreme Productivity","en","0","134","372","306","69","55","936"
"b8dcec11-ee5a-4f24-8dfc-6390cb90b0b4","The Effective Manager","en","1","304","601","1113","48","56","2122"
"371d682b-f556-4902-806f-43002948b0e3","The Art of Work","en","0","136","405","519","97","46","1203"
"d6de62a1-0b09-49ac-ba0f-1207e5d10b20","Work Clean","en","0","319","524","929","79","69","1920"
"3445f6d6-6518-4170-bbd7-d35645bf8540","Getting Results the Agile Way","en","0","178","339","464","59","39","1079"
"3f918f4c-3a5d-406b-9b41-1ca179b99866","First Things First","en","1","131","309","423","70","67","1000"
"a4a377c2-f80f-4379-b6ec-5dac769be9be","The Organized Mind","en","0","272","692","1068","57","60","2149"
"52ab22bc-dd7c-4a93-8401-0e06423c520c","Hyperfocus","en","0","334","570","748","53","57","1762"
"ad76cbe0-28e3-49c6-995c-119a3b823497","The Now Habit","en","1","346","677","1047","87","72","2229"
"df31e1f2-03d5-4604-90a4-127c08549fd6","The 80/20 Principle","en","0","377","694","809","64","57","2001"
"0f5dd060-4846-4fc9-b116-82cc6ffc2e02","The 12 Week Year","en","1","320","745","1455","56","83","2659"
"3239f852-5186-4c48-964f-279e87382823","The Four Tendencies","en","0","178","359","413","76","54","1080"
"cdbe388e-84ac-4ff2-9445-8eec7bb5c73a","Maybe You Should Talk to Someone","en","0","309","779","1014","84","38","2224"
"cb46db3e-54b7-4e14-81f1-3b568bb8ac4d","The Courage to Be Disliked","en","0","315","733","1091","110","69","2318"
"2f05f52c-274a-4892-bb69-a2fedf00d528","101 Essays That Will Change The Way You Think","en","1","143","283","344","70","53","893"
"f38fcf45-efd5-446d-ae75-3c75587ede4c","The Mountain Is You","en","0","200","564","909","72","53","1798"
"f2637159-9d26-46c1-8c75-31488b17710b","The Power of Vulnerability","en","1","183","627","896","52","59","1817"
"117596f6-21e0-4a34-b94c-f33a3cbdc42a","A New Earth","en","0","206","667","920","74","77","1944"
"19a0590d-248c-4367-87c7-afb7c395092d","Loving What Is","en","0","293","824","937","65","58","2177"
"1d9c9e4f-e392-4ef2-b0bc-580a6e52efbf","The Voice of Knowledge","en","1","126","357","329","80","51","943"
"55144aca-d0ba-45c4-977f-e221c5845aa3","The Mastery of Love","en","0","328","765","943","60","90","2186"
"1bad4565-61cf-4496-91fb-4334d68c8d10","Your Erroneous Zones","en","0","132","309","390","55","99","985"
"fc3d7327-d21c-4c70-8393-d53d2430cb18","The Power of Intention","en","0","306","714","1026","57","66","2169"
"86e3280f-aa49-48dc-94bd-3a9d88990a7f","The Road Less Traveled","en","0","319","622","873","63","58","1935"
"b9dc1be8-94b1-4604-b299-fdbc1f96a05d","Man's Search for Ultimate Meaning","en","0","308","761","927","43","72","2111"
"722762ff-831f-4b97-a76c-d24c28a6cd12","The Art of Happiness","en","0","280","530","1251","75","76","2212"
"43b9d774-28d2-4025-97ba-9bc25059460b","Feel the Fear and Do It Anyway","en","0","135","362","384","96","50","1027"
"4c2caa03-fb75-4fff-a5f0-a4795aca4924","The Power of Positive Thinking","en","0","279","618","1130","64","67","2158"
"39757c73-4141-478a-aad9-67cfb0fb5f3c","The Surrender Experiment","en","1","122","287","318","60","61","848"
"67b875e8-be25-4f1e-9c23-45c84e3aaaca","The Untethered Soul","en","0","330","602","959","48","49","1988"
"8c270364-bfe7-433c-b169-0e652e91022a","Braving the Wilderness","en","1","304","796","1133","88","109","2430"
"d15cb3a5-0e1f-4716-8a93-00817d7a29bd","Rising Strong","en","0","312","661","864","90","60","1987"
"9ee9c2f1-df3e-4b45-afe6-5cfd3507a033","Big Magic","en","1","368","749","980","76","83","2256"
"70ffca81-1b39-4b00-a90f-ef4798bd85b1","The Life-Changing Magic of Tidying Up","en","0","348","779","973","105","111","2316"
"621eeccd-7995-4025-bb09-fd47e3b19cdc","Better Than Before","en","0","253","629","1013","76","92","2063"
"df3c1d2b-211b-49a0-9838-4be7b6bbbd9c","The Happiness Project","en","0","208","731","1532","62","80","2613"
"524ad69e-1bb2-431c-9eb4-04c7fa5f60fb","Unf*ck Yourself","en","0","316","590","713","55","41","1715"
"143fcbb2-6839-4ec1-af2d-58253cef84c3","Girl, Stop Apologizing","en","0","304","718","1235","108","91","2456"
"af8b169e-45fc-469b-b216-48390ebeb2c6","Girl, Wash Your Face","en","0","326","786","988","129","75","2304"
"8074aced-4563-422e-9c6b-460248df70f7","The 5 Second Rule","en","0","272","716","1006","117","89","2200"
"dd516700-ffc8-4724-aadc-db44b8b0c967","Purple Cow","en","1","200","785","833","50","46","1914"
"fec57881-60eb-4321-aa41-04934350513f","Pre-Suasion","en","1","321","754","1003","124","74","2276"
"3bfea645-c508-487d-9a75-184d82f0a4b4","Never Split the Difference","en","0","185","396","345","80","60","1066"
"c5302dab-9c30-4e8c-af09-669eb15ae0fe","Pitch Anything","en","0","295","824","933","79","52","2183"
"9e386072-93e9-436b-b9bd-a9bba355f262","To Sell Is Human","en","1","314","879","1168","79","52","2492"
"5b9a9415-19fb-471f-9baa-1d27c4cde51d","The Sales Acceleration Formula","en","0","346","765","1140","93","65","2409"
"e571c3b2-5a06-492a-8ef5-c37140cbffaa","Predictable Revenue","en","0","308","689","1065","67","44","2173"
"af130321-956b-4aa4-af98-6e2a6e86948a","Contagious","en","0","301","724","866","77","40","2008"
"7536cf1f-c4e5-43ef-a34f-14fc9090fc0c","Hooked","en","1","263","703","934","48","35","1983"
"7890bf5d-debc-4dae-8a12-dd37835535eb","The Art of the Start 2.0","en","0","154","412","394","53","44","1057"
"e531cbbf-7d06-4a90-aa39-5a89316bb246","It Doesn't Have to Be Crazy at Work","en","1","347","664","1150","53","41","2255"
"b7d6e464-13f8-4b32-b359-118f0d8312e0","Remote","en","1","313","661","833","46","50","1903"
"aff776cc-7228-4efc-ac12-3bb580836626","Rework","en","0","315","730","901","89","21","2056"
"6272a44a-970a-4611-b95a-7faa12b055ee","Delivering Happiness","en","0","341","645","830","56","79","1951"
"e0d2dff2-6c31-4f96-9573-89e7a20af842","The One Minute Manager","en","0","287","691","801","57","45","1881"
"e7c7c94e-8b90-41f5-be93-3cf7e7601137","Playing to Win","en","1","269","649","991","54","50","2013"
"bdce3e1a-413e-4de4-800d-a4b0c9abaec5","The Innovator's Solution","en","0","336","765","1036","58","65","2260"
"f4d9f4a4-fc2e-4ad1-9988-2f03b7c30ea8","Creativity Inc","en","0","292","691","987","114","111","2195"
"23b70e5a-7a19-4193-a857-e1700f8e5a6b","The Outsiders","en","1","131","369","347","43","39","929"
"781797bf-94d0-40cc-9adf-9dc371485d28","Principles","en","0","161","412","376","65","36","1050"
"2273e973-2fc7-4c38-bddc-6f7754cf6600","Only the Paranoid Survive","en","0","124","302","318","50","40","834"
"deb71fe2-24b4-413f-9fa4-02841ae2bc60","The Effective Executive","en","1","293","852","883","72","59","2159"
"c8500576-2bd3-4d71-a97c-28b09a6a0381","Competitive Strategy","en","0","312","621","910","52","67","1962"
"7e847c67-ebf1-4513-8cad-4202ef768692","The Goal","en","0","115","309","304","77","62","867"
"59e0608a-f645-4e37-8d13-18448398df64","Scaling Up","en","0","308","707","1105","80","62","2262"
"7d35523a-3821-4bc8-a097-9a25988daea6","Traction","en","0","187","323","453","40","42","1045"
"31cba18f-ba14-4713-8e57-2d4d5c3b106b","The Advantage","en","0","159","319","335","52","53","918"
"375ab9be-e41d-4465-934b-4acac688ee54","Good Strategy Bad Strategy","en","0","184","378","358","96","77","1093"
"6e5dc0f9-13a7-4b47-99e8-48154e2be638","Winning","en","0","261","719","928","69","99","2076"
"124cd9b9-537d-4678-94ef-0e455aee0185","The Lean Six Sigma Pocket Toolbook","en","0","341","742","954","91","77","2205"
"25898cbb-bedf-4eed-af34-ab1e0bd4984f","Algorithms to Live By","en","0","138","438","473","113","77","1239"
"5c3ee9a3-1642-4963-807b-4ffce0dd20bf","Weapons of Math Destruction","en","1","302","684","1059","56","55","2156"
"153df022-fbad-46e8-bf88-b70702173d6c","The Master Algorithm","en","0","289","898","868","54","50","2159"
"fbaa832c-14a3-4a4f-9161-e35ac4b74802","The Singularity Is Near","en","0","273","834","1446","55","94","2702"
"f0f97436-dfea-4c4e-8b45-3949050a1f1a","Superintelligence","en","0","348","765","1016","40","90","2259"
"232c310e-e16b-4caf-9136-31c5640e12c7","Life 3.0","en","0","133","267","358","65","70","893"
"82050fc4-ef99-4e0a-8dc3-bd5b51d3f933","The Second Machine Age","en","1","168","346","389","76","80","1059"
"073d820b-236a-49a2-9bbb-d533737d48da","The Everything Store","en","1","304","897","1526","84","119","2930"
"3023547a-1a53-422a-acb7-7e98ce792cb8","The Innovators","en","1","134","389","382","47","54","1006"
"633cff21-633e-4987-b394-38df71a8ddee","The Code Breaker","en","0","325","832","906","52","53","2168"
"b90598a9-44e8-4191-9cb4-1b8471ac8362","The Emperor of All Maladies","en","1","330","764","1003","76","93","2266"
"2443af34-3b16-4e70-b6c6-4876eb8a2791","The Gene","en","0","209","441","358","71","60","1139"
"7440c8fd-fe11-44f8-b56b-69fd99f38476","The Demon-Haunted World","en","1","334","778","957","72","68","2209"
"df736653-38cc-4d40-8911-270e31ea893b","Cosmos","en","0","306","701","1083","97","102","2289"
"5f1429b3-24ce-42e5-a4ae-761b1e52683f","The Origin of Species","en","1","309","654","1156","65","85","2269"
"84e2f430-e230-4dff-9e73-710a7e5c4681","The Selfish Gene","en","1","336","783","878","65","51","2113"
"eef132a2-c33a-4392-82f2-61c7215bbf2f","A Brief History of Time","en","0","301","814","800","52","74","2041"
"873aaeba-d74d-41a8-bf90-21ac9d7c4ed5","21 Lessons for the 21st Century","en","0","394","789","938","80","66","2267"
"de08de67-dc19-4584-a6dd-9a9fc5563185","Homo Deus","en","1","345","718","853","64","77","2057"
"eaec2c89-0bfb-4585-80e1-acace59de889","Sapiens","en","0","285","746","1228","66","73","2398"
"753f5478-1bb9-45fa-86bb-3d600d7a62c9","Alexander Hamilton","en","0","131","335","369","76","61","972"
"fbdd1723-9528-4fb8-a912-30cd45da5e51","The Immortal Life of Henrietta Lacks","en","0","324","693","1029","55","84","2185"
"12a7ab84-1ac2-4a1e-8860-9f7ea7b36533","Team of Rivals","en","1","277","625","962","50","78","1992"
"d5e0b630-5486-42f7-b3d1-0b28bea38b69","John Adams","en","0","193","373","321","81","84","1052"
"ad0998d6-eb86-444a-8c1c-0c166b79997b","1776","en","0","293","769","840","82","71","2055"
"22f46072-5dce-48bc-8afc-a60fbc15a84b","The Wright Brothers","en","0","173","411","446","74","59","1163"
"a4ba7acd-ec47-447b-822d-b08dc371772b","Wild","en","0","324","730","1015","93","88","2250"
"f418148a-79e1-4728-89e9-7226cd00b1cf","Into the Wild","en","0","335","764","1089","53","50","2291"
"d447b29f-55dd-475a-9f09-ac6f9908f19a","Unbroken","en","0","287","604","1149","51","48","2139"
"da03191e-5007-4c5e-98e3-692e9584c086","The Diary of a Young Girl","en","0","312","863","991","93","121","2380"
"da2effe5-54b5-4b73-8904-db49ef4f7e8c","Born a Crime","en","1","370","761","958","113","80","2282"
"3f70be22-f44f-4ce3-86a3-331766041027","Educated","en","0","180","322","439","57","51","1049"
"5b45673f-f2e5-413a-864d-6f347a833262","Becoming","en","0","303","587","935","53","81","1959"
"55ac54f4-24d9-4c05-961b-a6a4900b8291","Long Walk to Freedom","en","0","311","774","942","78","99","2204"
"ce1f776d-939a-43cb-9ebc-fc9eba442d98","The Autobiography of Benjamin Franklin","en","0","356","846","1105","93","51","2451"
"e28be0a0-8a23-4aa8-8f0f-d5e5cfcb77d3","Elon Musk","en","1","308","691","916","48","72","2035"
"a17e809d-a979-494c-9e03-3a1fe28c190a","Leonardo da Vinci","en","1","302","696","976","72","53","2099"
"8346cb81-a0f3-4b57-8450-fdc7e1dfdd40","Einstein","en","0","321","783","882","59","60","2105"
"ac42b0fc-9129-4b95-a65e-fd61f5882cde","Steve Jobs","en","0","189","684","941","72","77","1963"
"1cdcab8a-217c-4fb0-b939-89a190671f14","Shoe Dog","en","1","114","269","303","58","51","795"
"543f15b0-fd86-437c-bbc1-5ef89f005302","Peak","en","0","283","695","895","62","73","2008"
"ce49d63d-22c6-4198-9ac6-610704b2fcd0","The Longevity Diet","en","0","307","613","849","53","59","1881"
"8e97389c-b412-4676-8289-ee3fe7d08b8e","Eat to Live","en","0","134","306","300","84","86","910"
"a76e6ebb-55d2-40d6-9ffd-1975433f73ba","The Telomere Effect","en","0","313","645","1006","73","75","2112"
"ed773dab-9134-4151-8b2d-85f69c1aca3d","Medical Medium","en","1","332","583","942","50","58","1965"
"d2f15350-e6f0-4c18-ab92-556377637024","The Plant Paradox","en","0","296","735","833","69","50","1983"
"7fb2d8f5-5175-42d4-991c-139bda4945d4","The End of Alzheimer's","en","0","282","661","1321","86","61","2411"
"29f6ee58-9b5c-4b04-9bd8-0d2fd86ec68a","Brain Rules","en","1","178","286","367","62","53","946"
"10f10379-9729-4f11-b868-1c5382157425","The Ultra Mind Solution","en","1","267","580","1022","87","82","2038"
"6c7b8ade-3675-49db-a737-a6b2d72661f6","Spark","en","0","290","752","1043","89","66","2240"
"a57ab751-fe26-4fce-b441-269daa7f0c82","The China Study","en","0","308","654","900","76","98","2036"
"6a748c21-f550-4dec-901a-3e6cb549f694","Born to Run","en","0","300","731","813","84","62","1990"
"bbefa8e9-14df-44a5-8ec0-112d8f208c4e","The 4-Hour Body","en","0","296","583","1098","63","67","2107"
"bc14c764-b9e0-4144-bfa5-48baf68ace68","The Obesity Code","en","0","287","660","1057","61","60","2125"
"9766cac3-100b-4fdb-a544-bb09eb842001","How Not to Die","en","0","293","571","963","38","65","1930"
"8e614c32-fcc3-479f-a7c4-3c4217001ae3","Lifespan","en","1","203","631","1178","65","50","2127"
"f146c586-9eac-4ab5-919b-18b39ec921a4","Breath","en","0","309","559","938","58","56","1920"
"ded65d43-f2ee-47e6-995d-d0f7e582cac9","The Body","en","0","304","681","825","50","82","1942"
"a87f58d5-36f4-445e-ab9a-4cc9b6702355","Why We Sleep","en","0","340","667","835","100","59","2001"
"7e93e919-b974-41ae-a7d1-7f9dd91b8769","Black Box Thinking","en","0","127","298","381","67","49","922"
"d65ff2db-e799-4002-b587-9056e5063d03","Bounce","en","1","330","748","1068","93","53","2292"
"98d9db0b-dd03-4834-8744-3134b8228934","The Upside of Stress","en","0","292","768","1120","60","53","2293"
"8eb27f85-7b10-4252-9fec-480777f72982","The Willpower Instinct","en","0","129","367","394","51","42","983"
"0f922ef5-7fa3-4b70-abf1-bf5dc2dd993b","The Righteous Mind","en","0","330","1073","1305","62","65","2835"
"00aa4f74-cb15-4902-9b38-f2490aa8d8d2","Made to Stick","en","0","331","804","1307","79","78","2599"
"a1ec91c0-2485-4ec7-a3cf-d8ef0517b1b6","Switch","en","0","310","760","1105","98","50","2323"
"a369db15-6dcb-4d23-bc49-045e1f62ee99","The Social Animal","en","0","322","818","990","87","81","2298"
"3ef8a6b1-9b17-4d16-ab8d-890f8963aa3f","Stumbling on Happiness","en","1","191","349","352","89","87","1068"
"39cd18da-3a0f-4372-893d-248efd582639","The Happiness Hypothesis","en","0","134","394","406","56","40","1030"
"7bf4e77f-6daf-4880-bd9c-3e23f92ee225","Flow","en","0","289","613","1168","87","130","2287"
"36f4b0fd-253a-4417-aac6-5b3ad2fc7aee","The Body Keeps the Score","en","0","138","282","380","57","53","910"
"3e378e3d-2ef5-4226-ab0a-ed9d74921728","Quiet","en","0","113","292","274","53","64","796"
"df4b11a0-d1d1-4a89-8a7f-9fdad717fdf5","Emotional Intelligence","en","0","286","657","1034","76","83","2136"
"0d80a789-d3a3-4e60-956d-3e538dc5bcdf","The Tipping Point","en","0","340","1078","1761","78","70","3327"
"41b89517-b53b-4806-89bc-5f14da513b07","Outliers","en","1","170","423","359","92","101","1145"
"2031954c-6fd1-434d-a232-8ab6c8f11ed4","Blink","en","0","132","398","371","49","62","1012"
"587f0351-6f9b-4253-823e-2ce8cc0264f1","The Paradox of Choice","en","0","241","697","1059","52","52","2101"
"181fea1b-4270-474d-bb2d-1262f4688901","Predictably Irrational","en","0","292","799","1295","73","60","2519"
"92a7056b-b066-40d4-b736-1458113df2db","Thinking, Fast and Slow","en","1","327","766","1203","74","78","2448"
"7303f328-7182-4fb8-87b5-1534669e1c96","Quit Like a Millionaire","en","0","145","293","374","100","83","995"
"b435c378-abd3-4912-a4bc-bf37a7a3ce9d","The Index Card","en","0","141","405","403","84","95","1128"
"7b854368-cc7c-4a38-b0eb-8113b305f12a","Financial Freedom","en","0","341","587","905","54","40","1927"
"a376cd40-fdb9-4449-94c4-b9f503217d96","The Barefoot Investor","en","0","267","809","1116","103","53","2348"
"6903985c-f689-474c-acd9-e11a47749f2d","The Simple Path to Wealth","en","0","304","662","975","53","44","2038"
"e9b5dec1-edbc-460f-b5a4-37d9bc0db70b","Broke Millennial","en","0","320","687","1165","83","68","2323"
"55115f46-b5e9-443f-9769-eb086cf57953","The Little Book of Common Sense Investing","en","0","293","833","1143","97","113","2479"
"f6087f1e-c71d-4740-bf01-a392c1119cc2","A Random Walk Down Wall Street","en","0","306","577","1123","55","79","2140"
"ff2fa993-e448-49f9-8338-7f6c3955e56b","The Psychology of Money","en","0","284","684","814","88","64","1934"
"7342ca38-c04a-4a84-8f4d-34c0d4fd21ad","Unshakeable","en","0","171","353","365","39","50","978"
"646c74f3-9761-4b74-a977-c3184bdfcd28","Money Master the Game","en","1","136","333","300","54","66","889"
"ad4c4d5c-7851-4d20-8e24-39b54dff36c6","The Automatic Millionaire","en","0","198","727","996","61","55","2037"
"53377d40-75f2-452e-91fe-ca6d799c24ed","Your Money or Your Life","en","0","139","364","395","95","67","1060"
"f1be0f47-6461-4bc8-bfd6-8f87598db58d","I Will Teach You to Be Rich","en","0","323","646","911","71","56","2007"
"c36053e2-11b8-4c08-99b0-99a63cc5d584","The Total Money Makeover","en","0","305","669","894","71","65","2004"
"571baa7f-939f-4447-9264-ed7bdb9b8fb2","The Richest Man in Babylon","en","0","194","347","362","60","56","1019"
"fa4cbbc0-6adf-4ef7-b6f2-b1fa701889a2","The Intelligent Investor","en","0","332","724","872","40","75","2043"
"d43506b7-1fec-4cfa-82c0-7c9da5ede2ea","Think and Grow Rich","en","1","283","720","1266","94","54","2417"
"63c1b380-ea63-4173-9fec-b99b8dbaa02a","The Millionaire Next Door","en","0","120","339","386","67","44","956"
"0bc058cd-b4e8-4bcc-9a27-9f395e9d8ddc","Rich Dad Poor Dad","en","0","281","800","1551","49","58","2739"
"e154bfa0-5447-41a6-b551-a056d95d666b","Drive","en","0","270","768","1007","75","72","2192"
"432c0201-22ed-4bcc-bd07-869e6268eb69","When","en","0","154","308","338","62","55","917"
"09d67767-7166-4041-9110-9f76b7ec5969","The Checklist Manifesto","en","0","361","799","1173","52","75","2460"
"7065fe11-b66b-4a4f-9934-addfff17ff71","Do the Work","en","1","336","646","1025","49","65","2121"
"0a9ce08f-1690-437c-ab0d-c4be4bada02d","The War of Art","en","0","230","926","1418","132","147","2853"
"154cc4a0-d0d5-4e94-98b8-34fa5f74967b","So Good They Can't Ignore You","en","0","315","762","1341","93","49","2560"
"11888d7d-81a8-41a8-b550-1e984343a346","Digital Minimalism","en","0","288","702","1293","67","57","2407"
"7abce110-ec71-4540-a597-8b3e19836a64","Off the Clock","en","0","376","652","955","65","49","2097"
"2403d0f2-dc15-47fe-8424-8a6ad8ba42e5","168 Hours","en","1","150","320","357","63","44","934"
"b58143c6-9414-4899-8181-1df3ec3b759f","Smarter Faster Better","en","0","304","620","1158","84","64","2230"
"101aeff7-36ed-4daa-8412-6c0e2a97f4dd","The Power of Habit","en","0","319","1036","1335","104","80","2874"
"d601a943-f566-4d13-8c53-bd227f69d1e2","Indistractable","en","0","293","639","961","55","73","2021"
"09599a9f-d9db-4741-aeab-eaeb3ae6e27d","Make Time","en","0","356","1074","1203","59","62","2754"
"6f3a0e0e-dbff-4ac2-b279-3236db0e1a4e","The Productivity Project","en","0","199","664","944","54","47","1908"
"769bbca2-cdf5-4807-ba78-beea43140651","Eat That Frog!","en","0","327","742","925","77","55","2126"
"b4a02dc4-cc54-4cc7-9a87-7e24b3a10c29","The One Thing","en","0","318","742","889","47","72","2068"
"33782766-4bbc-46a8-ad0c-86fb8e021042","Essentialism","en","1","130","400","259","70","63","922"
"70143ed0-a569-4981-993c-d144a75e3709","The 4-Hour Workweek","en","0","134","363","465","91","62","1115"
"1d28ac3b-5d06-4ffa-9aa8-44ce6fd3bbe8","Getting Things Done","en","0","174","405","373","70","93","1115"
"73db9c1a-7e74-434d-958f-c02eb6d3132e","Deep Work","en","1","352","787","928","52","74","2193"
"1acab521-4d6f-432b-af4b-515aaa053612","The Compound Effect","en","0","130","404","411","68","77","1090"
"1d99ccc9-72d3-4fa1-8400-ed898b5cfd6c","High Performance Habits","en","0","118","341","307","58","50","874"
"677a9d17-5574-4988-8d42-c3b531c65fd4","The 5 AM Club","en","1","273","661","769","62","55","1820"
"57e73ac1-28c0-47ef-8a17-e9c2f7d5ba7b","Awaken the Giant Within","en","0","325","694","1246","112","95","2472"
"eaf17b0e-e442-4754-8df6-1f3da3ce855f","The Magic of Thinking Big","en","0","299","649","1012","77","66","2103"
"55fbcc9e-e0a1-4e36-b174-9af0d751f122","The Miracle Morning","en","1","260","701","890","92","74","2017"
"e9427602-40aa-4e52-8a36-3827a0c0b783","You Are a Badass","en","0","317","649","785","101","55","1907"
"07742ff8-102c-44ea-adfd-9cb24e304bb5","The Gifts of Imperfection","en","1","297","868","1227","98","94","2584"
"d814a5f1-5388-4b17-b887-a6c968db9bbe","Daring Greatly","en","0","275","584","988","75","61","1983"
"5ba8bc65-df0a-467b-a3f9-ee5614010e25","Grit","en","0","181","617","776","61","51","1686"
"c0673828-124d-4053-a0f4-39688a69d6ad","Mindset","en","0","264","787","758","81","71","1961"
"c1decf01-1e04-40a0-98ac-c6f319429abd","The Alchemist","en","1","326","732","804","44","103","2009"
"a1e86064-62f2-43db-bcb7-0ffda33bac78","The Four Agreements","en","1","315","698","1384","77","45","2519"
"ca8ff51a-5c5d-4cf3-8702-10ab3b5255fc","Can't Hurt Me","en","0","350","556","1035","64","92","2097"
"0851dd62-6470-495b-b2e2-99fdc5bee835","The Subtle Art of Not Giving a F*ck","en","1","359","956","1201","68","97","2681"
"e8414dc0-b679-4cc3-865f-d7f19c7e9ee9","Man's Search for Meaning","en","1","345","693","1026","120","112","2296"
"ff0beae6-de07-414a-9b8e-fb8a086a4c10","The Power of Now","en","0","339","752","856","77","83","2107"
"712b960f-609d-4ffc-a707-16783554d638","How to Win Friends and Influence People","en","0","339","578","1056","69","114","2156"
"faf90327-9298-4d6e-9e85-63951659841b","The 7 Habits of Highly Effective People","en","0","260","595","865","37","72","1829"
"c7256821-4271-4faf-9c74-66ffd841decf","Atomic Habits","en","1","318","825","1267","61","68","2539"
"8acdfff8-2cd0-441d-b2bc-d740e0f9d9e2","The Culture Code","en","0","324","772","1038","55","79","2268"
"c4210ce7-847b-4c4c-84b0-24ff824d43dc","Measure What Matters","en","1","312","751","875","62","63","2063"
"b06ff194-fff5-46ee-9011-4b02e3aac01d","Crucial Conversations","en","0","274","668","1286","94","73","2395"
"4103d31a-da99-4131-a60e-cbbdfa856f98","The Five Dysfunctions of a Team","en","0","132","310","267","55","34","798"
"10a2090b-a78b-4441-8240-9d7fdda2b989","Extreme Ownership","en","1","304","672","1016","52","22","2066"
"942a3e40-9ee8-4304-8ea9-db63d993ad4a","Dare to Lead","en","0","190","643","854","52","57","1796"
"0e464a46-0437-4d9e-9638-0064761b8c91","The Infinite Game","en","0","332","850","1461","89","115","2847"
"e9a5ba0c-aae2-4865-bff4-7959c6fb48ee","Leaders Eat Last","en","0","326","822","1174","70","79","2471"
"d137aebd-15d7-417a-807b-1cebdd4892af","Start with Why","en","0","323","715","1052","51","74","2215"
"0900555e-fbfa-4bdc-b360-119440517ebb","Influence","en","0","348","767","1363","83","82","2643"
"f1fd4ce4-4fcd-415b-a536-12115c5b0b6d","The 22 Immutable Laws of Marketing","en","0","312","887","1361","78","49","2687"
"d306cd48-bf6f-4092-aa62-627b004087b1","Crossing the Chasm","en","0","297","799","1117","73","57","2343"
"0f40151f-352b-4188-a4c3-ce063868826b","The E-Myth Revisited","en","1","348","956","1494","90","63","2951"
"19a61248-5514-4b25-8d2d-4db776e7d91a","Blue Ocean Strategy","en","0","316","910","1571","100","87","2984"
"909265d9-7803-4194-b09e-b1ed4012c463","The Innovator's Dilemma","en","0","281","733","930","42","61","2047"
"e5ba8ac6-aa67-4d32-8b01-9c105c051b10","The Hard Thing About Hard Things","en","0","290","674","993","58","54","2069"
"365b4e1e-66b2-4b44-9bcc-c30128265af8","Zero to One","en","1","127","331","390","65","97","1010"
"f333cad2-34da-49f4-bdda-cf5cdd298acc","The Lean Startup","en","0","341","775","896","60","68","2140"
"ee24b945-0a8c-4782-82ff-2087289b0b47","Built to Last","en","0","332","713","902","45","56","2048"
"0811fd0c-2b96-40d4-9df9-13fd400ab2b4","Good to Great","en","0","317","971","1412","70","92","2862"
